model_name,model_type,training_data,imagenet_accuracy,perspective_accuracy,depth_accuracy,perspective_accuracy_human,depth_accuracy_human,,
resnet18.a3_in1k,CNN,ImageNet 1k,68.252,52.36486486,73.69242779,53.19148936,74.46808511,,
resnet152.a3_in1k,CNN,ImageNet 1k,80.546,53.61226611,81.06947697,58.5106383,71.27659574,,
resnet101.a3_in1k,CNN,ImageNet 1k,79.814,54.31392931,78.7665886,60.63829787,76.59574468,,
resnet50.a3_in1k,CNN,ImageNet 1k,78.048,53.17047817,78.1420765,55.31914894,75.53191489,,
resnet34.a3_in1k,CNN,ImageNet 1k,72.97,52.44282744,77.71272443,56.38297872,75.53191489,,
vit_tiny_patch16_224.augreg_in21k_ft_in1k,Transformer,ImageNet21k,75.462,59.38149688,84.66042155,62.76595745,81.91489362,,
vit_small_patch16_224.augreg_in1k,Transformer,ImageNet 1k,78.848,64.99480249,87.58782201,72.34042553,81.91489362,,
vit_small_patch16_224.augreg_in21k_ft_in1k,Transformer,ImageNet21k,81.386,64.42307692,85.32396565,65.95744681,86.17021277,,
vit_base_patch16_224.augreg_in21k_ft_in1k,Transformer,ImageNet21k,84.532,72.03742204,88.7587822,78.72340426,82.9787234,,
vit_large_patch16_224.augreg_in21k_ft_in1k,Transformer,ImageNet21k,85.836,70.76403326,89.65651835,74.46808511,84.04255319,,
beit_base_patch16_224.in22k_ft_in22k_in1k,Transformer,ImageNet21k,85.212,71.51767152,89.3832943,74.46808511,85.10638298,,
beitv2_base_patch16_224.in1k_ft_in1k,Transformer,ImageNet 1k,85.594,74.68814969,88.60265418,77.65957447,85.10638298,, 
beitv2_base_patch16_224.in1k_ft_in22k_in1k,Transformer,ImageNet 1k,86.474,78.61226611,90.28103044,85.10638298,86.17021277,,
beit_base_patch16_384.in22k_ft_in22k_in1k,Transformer,ImageNet21k,86.8,78.37837838,88.29039813,84.04255319,81.91489362,,
beit_large_patch16_224.in22k_ft_in22k_in1k,Transformer,ImageNet21k,87.478,82.17255717,89.77361436,89.36170213,85.10638298,,
beit_large_patch16_384.in22k_ft_in22k_in1k,Transformer,ImageNet21k,88.402,83.18607069,89.22716628,86.17021277,85.10638298,,
beit_large_patch16_512.in22k_ft_in22k_in1k,Transformer,ImageNet21k,88.596,83.91372141,91.84231069,86.17021277,89.36170213,,
beitv2_large_patch16_224.in1k_ft_in1k,Transformer,ImageNet 1k,87.412,83.26403326,90.04683841,84.04255319,82.9787234,,
beitv2_large_patch16_224.in1k_ft_in22k_in1k,Transformer,ImageNet 1k,88.394,83.57588358,90.71038251,85.10638298,87.23404255,,
caformer_m36.sail_in1k,MetaFormer,ImageNet 1k,85.232,61.9022869,89.11007026,64.89361702,82.9787234,,
caformer_m36.sail_in22k_ft_in1k,MetaFormer,ImageNet21k,86.594,82.84823285,90.82747853,87.23404255,86.17021277,,
caformer_s18.sail_in1k,MetaFormer,ImageNet 1k,83.654,56.6008316,88.36846214,60.63829787,82.9787234,,
caformer_s18.sail_in22k_ft_in1k,MetaFormer,ImageNet21k,84.074,79.80769231,89.81264637,87.23404255,85.10638298,,
caformer_s36.sail_in1k,MetaFormer,ImageNet 1k,84.506,63.56548857,87.74395004,62.76595745,81.91489362,,
caformer_s36.sail_in22k_ft_in1k,MetaFormer,ImageNet21k,85.79,71.8035343,86.92427791,78.72340426,79.78723404,,
cait_s24_224.fb_dist_in1k,Transformer,ImageNet 1k,83.442,66.42411642,87.04137393,75.53191489,79.78723404,,
cait_xxs24_224.fb_dist_in1k,Transformer,ImageNet 1k,78.384,62.78586279,86.06557377,62.76595745,84.04255319,,
cait_xxs36_224.fb_dist_in1k,Transformer,ImageNet 1k,79.746,65.0987526,87.86104606,71.27659574,75.53191489,,
coat_lite_medium.in1k,Hybrid,ImageNet 1k,83.6,65.48856549,88.01717408,73.40425532,84.04255319,,
coat_lite_mini.in1k,Hybrid,ImageNet 1k,79.102,59.06964657,85.98750976,53.19148936,79.78723404,,
coat_lite_small.in1k,Hybrid,ImageNet 1k,82.312,60.88877339,87.08040593,58.5106383,80.85106383,,
coat_lite_tiny.in1k,Hybrid,ImageNet 1k,77.52,57.84823285,86.45589383,53.19148936,80.85106383,,
coat_mini.in1k,Hybrid,ImageNet 1k,81.27,61.7983368,88.17330211,65.95744681,81.91489362,,
coat_small.in1k,Hybrid,ImageNet 1k,82.362,61.69438669,88.79781421,61.70212766,84.04255319,,
coat_tiny.in1k,Hybrid,ImageNet 1k,78.426,57.77027027,86.06557377,56.38297872,80.85106383,,
coatnet_0_rw_224.sw_in1k,Hybrid,ImageNet 1k,82.39,60.31704782,87.54879001,73.40425532,86.17021277,,
coatnet_1_rw_224.sw_in1k,Hybrid,ImageNet 1k,83.596,68.71101871,89.9687744,70.21276596,86.17021277,,
coatnet_bn_0_rw_224.sw_in1k,Hybrid,ImageNet 1k,82.4,66.65800416,87.82201405,73.40425532,88.29787234,,
coatnet_nano_rw_224.sw_in1k,Hybrid,ImageNet 1k,81.696,62.73388773,87.97814208,72.34042553,88.29787234,,
coatnet_rmlp_1_rw_224.sw_in1k,Hybrid,ImageNet 1k,83.362,68.06133056,89.11007026,73.40425532,88.29787234,,
coatnet_rmlp_1_rw2_224.sw_in12k_ft_in1k,Hybrid,ImageNet 12k,84.91,82.17255717,89.3442623,86.17021277,82.9787234,,
coatnet_rmlp_2_rw_224.sw_in1k,Hybrid,ImageNet 1k,84.608,64.70893971,89.26619828,69.14893617,84.04255319,,
coatnet_rmlp_nano_rw_224.sw_in1k,Hybrid,ImageNet 1k,82.05,58.23804574,87.43169399,68.08510638,82.9787234,,
convit_base.fb_in1k,Transformer,ImageNet 1k,82.29,65.77442827,89.3832943,67.0212766,85.10638298,,
convit_small.fb_in1k,Transformer,ImageNet 1k,81.42,65.59251559,87.11943794,67.0212766,82.9787234,,
convit_tiny.fb_in1k,Transformer,ImageNet 1k,73.112,62.11018711,85.55815769,60.63829787,85.10638298,,
convmixer_1024_20_ks9_p14.in1k,CNN,ImageNet 1k,76.936,53.92411642,80.95238095,53.19148936,71.27659574,,
convmixer_1536_20.in1k,CNN,ImageNet 1k,81.362,58.54989605,82.78688525,62.76595745,73.40425532,,
convmixer_768_32.in1k,CNN,ImageNet 1k,80.168,55.35343035,81.264637,64.89361702,72.34042553,,
davit_base.msft_in1k,Transformer,ImageNet 1k,84.642,61.35654886,88.87587822,63.82978723,82.9787234,,
davit_small.msft_in1k,Transformer,ImageNet 1k,84.252,62.44802495,87.08040593,63.82978723,81.91489362,,
davit_tiny.msft_in1k,Transformer,ImageNet 1k,82.696,58.52390852,87.11943794,61.70212766,80.85106383,,
deit_base_distilled_patch16_224.fb_in1k,Transformer,ImageNet 1k,83.39,63.64345114,86.96330991,68.08510638,78.72340426,,
deit_base_patch16_224.fb_in1k,Transformer,ImageNet 1k,81.992,66.52806653,87.86104606,68.08510638,85.10638298,,
deit_small_distilled_patch16_224.fb_in1k,Transformer,ImageNet 1k,81.216,60.68087318,86.37782982,63.82978723,78.72340426,,
deit_small_patch16_224.fb_in1k,Transformer,ImageNet 1k,79.848,58.80977131,86.33879781,60.63829787,82.9787234,,
deit_tiny_distilled_patch16_224.fb_in1k,Transformer,ImageNet 1k,74.504,59.58939709,84.23106948,57.44680851,81.91489362,,
deit_tiny_patch16_224.fb_in1k,Transformer,ImageNet 1k,72.17,59.58939709,84.30913349,59.57446809,87.23404255,,
deit3_base_patch16_224.fb_in1k,Transformer,ImageNet 1k,83.786,65.33264033,87.39266198,70.21276596,81.91489362,,
deit3_base_patch16_224.fb_in22k_ft_in1k,Transformer,ImageNet 21k,85.7,64.21517672,89.07103825,62.76595745,82.9787234,,
deit3_medium_patch16_224.fb_in1k,Transformer,ImageNet 1k,83.086,67.12577963,87.78298205,65.95744681,81.91489362,,
deit3_medium_patch16_224.fb_in22k_ft_in1k,Transformer,ImageNet 21k,84.55,61.35654886,88.05620609,68.08510638,88.29787234,,
deit3_small_patch16_224.fb_in1k,Transformer,ImageNet 1k,81.37,59.40748441,88.32943013,58.5106383,82.9787234,,
deit3_small_patch16_224.fb_in22k_ft_in1k,Transformer,ImageNet 21k,83.076,62.16216216,88.29039813,62.76595745,91.4893617,,
densenet121.tv_in1k,CNN,ImageNet 1k,74.764,63.01975052,86.2217018,62.76595745,80.85106383,,
densenet161.tv_in1k,CNN,ImageNet 1k,77.358,66.96985447,85.94847775,67.0212766,75.53191489,,
densenet169.tv_in1k,CNN,ImageNet 1k,75.9,63.59147609,87.23653396,61.70212766,84.04255319,,
densenet201.tv_in1k,CNN,ImageNet 1k,77.286,64.18918919,85.67525371,62.76595745,78.72340426,,
dla102.in1k,CNN,ImageNet 1k,78.024,64.68295218,86.29976581,65.95744681,77.65957447,,
dla169.in1k,CNN,ImageNet 1k,78.708,63.43555094,85.75331772,65.95744681,79.78723404,,
dla34.in1k,CNN,ImageNet 1k,74.64,61.51247401,81.57689305,57.44680851,78.72340426,,
dla46_c.in1k,CNN,ImageNet 1k,64.872,50.7016632,79.50819672,50,74.46808511,,
dla60.in1k,CNN,ImageNet 1k,77.046,60.10914761,84.62138954,62.76595745,79.78723404,,
dpn107.mx_in1k,CNN,ImageNet 1k,80.17,73.36278586,86.57298985,73.40425532,76.59574468,,
dpn131.mx_in1k,CNN,ImageNet 1k,79.814,72.24532225,86.37782982,77.65957447,82.9787234,,
dpn68.mx_in1k,CNN,ImageNet 1k,76.346,62.62993763,86.2217018,68.08510638,79.78723404,,
dpn68b.mx_in1k,CNN,ImageNet 1k,77.518,67.07380457,85.90944575,68.08510638,74.46808511,,
dpn92.mx_in1k,CNN,ImageNet 1k,80.038,70.08835759,87.08040593,76.59574468,79.78723404,,
dpn98.mx_in1k,CNN,ImageNet 1k,79.67,71.88149688,87.74395004,72.34042553,81.91489362,,
efficientformer_l1.snap_dist_in1k,Transformer,ImageNet 1k,80.498,56.65280665,85.40202966,59.57446809,79.78723404,,
efficientformer_l3.snap_dist_in1k,Transformer,ImageNet 1k,82.548,58.70582121,86.2607338,53.19148936,78.72340426,,
efficientformer_l7.snap_dist_in1k,Transformer,ImageNet 1k,83.382,58.67983368,86.06557377,59.57446809,76.59574468,,
efficientformerv2_l.snap_dist_in1k,Transformer,ImageNet 1k,83.632,58.44594595,83.87978142,60.63829787,73.40425532,,
efficientformerv2_s0.snap_dist_in1k,Transformer,ImageNet 1k,76.114,53.22245322,82.35753318,56.38297872,77.65957447,,
efficientformerv2_s1.snap_dist_in1k,Transformer,ImageNet 1k,79.692,56.44490644,84.58235753,59.57446809,73.40425532,,
efficientformerv2_s2.snap_dist_in1k,Transformer,ImageNet 1k,82.166,58.80977131,82.04527713,63.82978723,71.27659574,,
efficientnet_b0.ra_in1k,CNN,ImageNet 1k,77.694,57.32848233,82.08430913,56.38297872,78.72340426,,
efficientnet_es_pruned.in1k,CNN,ImageNet 1k,75.006,61.2006237,83.0991413,63.82978723,77.65957447,,
efficientnet_es.ra_in1k,CNN,ImageNet 1k,78.058,57.06860707,83.1381733,62.76595745,74.46808511,,
efficientnet_lite0.ra_in1k,CNN,ImageNet 1k,75.482,53.09251559,75.68306011,60.63829787,73.40425532,,
focalnet_base_srf.ms_in1k,Transformer,ImageNet 1k,83.82,66.45010395,89.53942233,61.70212766,87.23404255,,
focalnet_small_srf.ms_in1k,Transformer,ImageNet 1k,83.416,74.06444906,88.79781421,77.65957447,85.10638298,,
focalnet_tiny_srf.ms_in1k,Transformer,ImageNet 1k,82.138,76.58523909,85.94847775,80.85106383,81.91489362,,
focalnet_base_lrf.ms_in1k,Transformer,ImageNet 1k,83.838,69.82848233,89.61748634,73.40425532,85.10638298,,
focalnet_small_lrf.ms_in1k,Transformer,ImageNet 1k,83.494,69.02286902,88.60265418,69.14893617,87.23404255,,
focalnet_tiny_lrf.ms_in1k,Transformer,ImageNet 1k,82.154,75.49376299,87.470726,78.72340426,82.9787234,,
hrnet_w18_small_v2.ms_in1k,CNN,ImageNet 1k,75.11,61.92827443,84.66042155,57.44680851,77.65957447,,
hrnet_w18_small.ms_in1k,CNN,ImageNet 1k,72.336,60.10914761,83.25526932,60.63829787,74.46808511,,
hrnet_w18.ms_in1k,CNN,ImageNet 1k,76.752,67.38565489,83.41139735,68.08510638,79.78723404,,
hrnet_w30.ms_in1k,CNN,ImageNet 1k,78.196,69.46465696,86.33879781,72.34042553,78.72340426,,
hrnet_w32.ms_in1k,CNN,ImageNet 1k,78.442,67.33367983,86.18266979,70.21276596,79.78723404,,
hrnet_w40.ms_in1k,CNN,ImageNet 1k,78.932,68.5031185,86.8852459,65.95744681,81.91489362,,
hrnet_w44.ms_in1k,CNN,ImageNet 1k,78.894,70.97193347,85.28493365,75.53191489,81.91489362,,
hrnet_w48.ms_in1k,CNN,ImageNet 1k,79.306,70.60810811,85.20686963,74.46808511,77.65957447,,
lcnet_050.ra2_in1k,CNN,ImageNet 1k,63.138,53.01455301,78.1420765,51.06382979,74.46808511,,
lcnet_075.ra2_in1k,CNN,ImageNet 1k,68.782,53.87214137,78.22014052,53.19148936,74.46808511,,
lcnet_100.ra2_in1k,CNN,ImageNet 1k,72.102,53.22245322,81.14754098,57.44680851,78.72340426,,
levit_128.fb_dist_in1k,Transformer,ImageNet 1k,78.49,53.87214137,82.74785324,54.25531915,76.59574468,,
levit_128s.fb_dist_in1k,Transformer,ImageNet 1k,76.526,57.56237006,81.73302108,59.57446809,78.72340426,,
levit_192.fb_dist_in1k,Transformer,ImageNet 1k,79.838,57.3024948,83.1381733,60.63829787,76.59574468,,
levit_256.fb_dist_in1k,Transformer,ImageNet 1k,81.524,54.54781705,84.69945355,57.44680851,79.78723404,,
levit_384.fb_dist_in1k,Transformer,ImageNet 1k,82.596,58.78378378,87.97814208,62.76595745,82.9787234,,
maxvit_rmlp_base_rw_224.sw_in12k_ft_in1k,Transformer,ImageNet 12k,86.894,68.71101871,88.83684621,74.46808511,81.91489362,,
maxxvitv2_rmlp_base_rw_384.sw_in12k_ft_in1k,Transformer,ImageNet 12k,87.464,83.52390852,91.21779859,85.10638298,81.91489362,,
maxvit_rmlp_small_rw_224.sw_in1k,Transformer,ImageNet 1k,84.492,59.71933472,89.03200625,63.82978723,87.23404255,,
maxvit_small_tf_224.in1k,Transformer,ImageNet 1k,84.426,77.33887734,89.3442623,79.78723404,82.9787234,,
maxvit_tiny_rw_224.sw_in1k,Transformer,ImageNet 1k,83.504,60.78482328,88.64168618,65.95744681,84.04255319,,
maxvit_tiny_tf_224.in1k,Transformer,ImageNet 1k,83.402,67.33367983,89.81264637,65.95744681,86.17021277,,
mixnet_l.ft_in1k,CNN,ImageNet 1k,78.966,57.64033264,83.91881343,54.25531915,74.46808511,,
mixnet_m.ft_in1k,CNN,ImageNet 1k,77.26,58.41995842,84.81654957,57.44680851,76.59574468,,
mixnet_s.ft_in1k,CNN,ImageNet 1k,75.994,53.84615385,85.05074161,53.19148936,75.53191489,,
mixnet_xl.ra_in1k,CNN,ImageNet 1k,80.482,59.0956341,82.31850117,62.76595745,75.53191489,,
mobilenetv2_050.lamb_in1k,CNN,ImageNet 1k,65.948,51.68918919,63.7782982,51.06382979,63.82978723,,
mobilenetv2_100.ra_in1k,CNN,ImageNet 1k,72.968,54.05405405,74.66822795,55.31914894,73.40425532,,
mobilenetv2_110d.ra_in1k,CNN,ImageNet 1k,75.054,52.49480249,76.77595628,50,75.53191489,,
mobilenetv2_120d.ra_in1k,CNN,ImageNet 1k,77.308,56.18503119,77.55659641,52.12765957,76.59574468,,
mobilenetv2_140.ra_in1k,CNN,ImageNet 1k,76.516,53.84615385,74.90241998,50,75.53191489,,
mobilenetv3_large_100.miil_in21k_ft_in1k,CNN,ImageNet 21k,77.92,59.84927235,81.03044496,56.38297872,74.46808511,,
mobilenetv3_large_100.ra_in1k,CNN,ImageNet 1k,75.766,55.7952183,81.10850898,54.25531915,78.72340426,,
mobilenetv3_rw.rmsp_in1k,CNN,ImageNet 1k,75.62,54.7037422,81.14754098,59.57446809,72.34042553,,
mobilenetv3_small_075.lamb_in1k,CNN,ImageNet 1k,65.236,51.66320166,77.32240437,50,78.72340426,,
mobilenetv3_small_100.lamb_in1k,CNN,ImageNet 1k,67.658,58.65384615,84.30913349,57.44680851,84.04255319,,
mvitv2_base.fb_in1k,Transformer,ImageNet 1k,84.45,72.86902287,86.92427791,75.53191489,82.9787234,,
mvitv2_small.fb_in1k,Transformer,ImageNet 1k,83.77,66.00831601,86.2607338,67.0212766,79.78723404,,
mvitv2_tiny.fb_in1k,Transformer,ImageNet 1k,82.41,63.2016632,85.51912568,70.21276596,86.17021277,,
pit_b_224.in1k,Transformer,ImageNet 1k,82.438,67.72349272,86.92427791,74.46808511,79.78723404,,
pit_b_distilled_224.in1k,Transformer,ImageNet 1k,83.766,62.91580042,86.37782982,70.21276596,79.78723404,,
pit_s_224.in1k,Transformer,ImageNet 1k,81.086,60.26507277,85.55815769,63.82978723,79.78723404,,
pit_s_distilled_224.in1k,Transformer,ImageNet 1k,81.814,60.55093555,84.9726776,60.63829787,84.04255319,,
pit_ti_224.in1k,Transformer,ImageNet 1k,72.91,58.21205821,84.85558158,61.70212766,84.04255319,,
pit_ti_distilled_224.in1k,Transformer,ImageNet 1k,74.256,56.62681913,83.60655738,48.93617021,85.10638298,,
pit_xs_224.in1k,Transformer,ImageNet 1k,78.176,57.45841996,86.41686183,64.89361702,85.10638298,,
pit_xs_distilled_224.in1k,Transformer,ImageNet 1k,79.18,59.48544699,84.54332553,64.89361702,81.91489362,,
poolformer_m36.sail_in1k,MetaFormer,ImageNet 1k,82.102,62.26611227,85.16783763,63.82978723,77.65957447,,
poolformer_s12.sail_in1k,MetaFormer,ImageNet 1k,77.24,58.93970894,83.0991413,65.95744681,80.85106383,,
poolformer_s24.sail_in1k,MetaFormer,ImageNet 1k,80.294,63.2016632,84.77751756,58.5106383,74.46808511,,
poolformer_s36.sail_in1k,MetaFormer,ImageNet 1k,81.43,57.27650728,85.98750976,57.44680851,78.72340426,,
poolformerv2_m36.sail_in1k,MetaFormer,ImageNet 1k,82.216,61.27858628,90.16393443,64.89361702,89.36170213,,
poolformerv2_s12.sail_in1k,MetaFormer,ImageNet 1k,78.002,57.69230769,86.49492584,57.44680851,81.91489362,,
poolformerv2_s24.sail_in1k,MetaFormer,ImageNet 1k,80.748,61.53846154,87.90007806,67.0212766,78.72340426,,
poolformerv2_s36.sail_in1k,MetaFormer,ImageNet 1k,81.566,65.77442827,84.07494145,68.08510638,77.65957447,,
pvt_v2_b0.in1k,Transformer,ImageNet 1k,70.66,56.41891892,84.93364559,69.14893617,80.85106383,,
pvt_v2_b1.in1k,Transformer,ImageNet 1k,78.704,59.0956341,84.58235753,62.76595745,76.59574468,,
pvt_v2_b2_li.in1k,Transformer,ImageNet 1k,82.194,66.08627859,88.1342701,70.21276596,84.04255319,,
pvt_v2_b2.in1k,Transformer,ImageNet 1k,82.084,62.18814969,87.11943794,62.76595745,84.04255319,,
pvt_v2_b3.in1k,Transformer,ImageNet 1k,83.118,65.33264033,87.90007806,67.0212766,81.91489362,,
pvt_v2_b4.in1k,Transformer,ImageNet 1k,83.712,61.9022869,89.22716628,64.89361702,79.78723404,,
pvt_v2_b5.in1k,Transformer,ImageNet 1k,83.74,65.93035343,84.11397346,61.70212766,81.91489362,,
regnetx_004_tv.tv2_in1k,CNN,ImageNet 1k,74.6,59.1995842,83.41139735,61.70212766,81.91489362,,
regnetx_008.tv2_in1k,CNN,ImageNet 1k,77.306,59.27754678,83.33333333,64.89361702,78.72340426,,
regnetx_016.tv2_in1k,CNN,ImageNet 1k,79.436,64.91683992,86.37782982,67.0212766,76.59574468,,
regnety_004.tv2_in1k,CNN,ImageNet 1k,75.594,60.4989605,84.77751756,54.25531915,82.9787234,,
regnety_008_tv.tv2_in1k,CNN,ImageNet 1k,78.666,57.53638254,86.76814988,56.38297872,79.78723404,,
regnety_016.tv2_in1k,CNN,ImageNet 1k,80.666,59.35550936,86.69008587,57.44680851,82.9787234,,
repvgg_b0.rvgg_in1k,CNN,ImageNet 1k,75.144,60.47297297,85.05074161,68.08510638,81.91489362,,
repvgg_b1.rvgg_in1k,CNN,ImageNet 1k,78.368,66.32016632,87.00234192,65.95744681,75.53191489,,
repvgg_b1g4.rvgg_in1k,CNN,ImageNet 1k,77.588,68.42515593,87.78298205,74.46808511,81.91489362,,
repvgg_b2.rvgg_in1k,CNN,ImageNet 1k,78.792,67.46361746,86.33879781,70.21276596,80.85106383,,
repvgg_b2g4.rvgg_in1k,CNN,ImageNet 1k,79.382,67.77546778,82.04527713,70.21276596,74.46808511,,
repvgg_b3g4.rvgg_in1k,CNN,ImageNet 1k,80.216,72.50519751,86.80718189,76.59574468,80.85106383,,
res2net50_14w_8s.in1k,CNN,ImageNet 1k,78.158,63.9033264,86.2607338,67.0212766,80.85106383,,
res2net50_26w_4s.in1k,CNN,ImageNet 1k,77.95,64.99480249,86.72911788,68.08510638,84.04255319,,
res2net50_26w_6s.in1k,CNN,ImageNet 1k,78.568,64.05925156,85.08977361,68.08510638,78.72340426,,
res2net50_26w_8s.in1k,CNN,ImageNet 1k,78.942,65.43659044,86.49492584,65.95744681,88.29787234,,
res2net50_48w_2s.in1k,CNN,ImageNet 1k,77.514,62.75987526,84.19203747,63.82978723,76.59574468,,
resnest50d_1s4x24d.in1k,CNN,ImageNet 1k,80.988,62.57796258,88.52459016,63.82978723,80.85106383,,
resnest50d_4s2x40d.in1k,CNN,ImageNet 1k,81.12,63.0977131,85.32396565,61.70212766,80.85106383,,
resnest50d.in1k,CNN,ImageNet 1k,80.96,64.03326403,86.14363778,67.0212766,79.78723404,,
resnet10t.c3_in1k,CNN,ImageNet 1k,68.364,56.80873181,75.68306011,59.57446809,76.59574468,,
resnet14t.c3_in1k,CNN,ImageNet 1k,72.254,57.92619543,82.98204528,52.12765957,78.72340426,,
resnet18.fb_ssl_yfcc100m_ft_in1k,CNN,YFCC100M,72.598,65.04677755,85.90944575,61.70212766,79.78723404,,
resnet18.fb_swsl_ig1b_ft_in1k,CNN,Instagram-1B hashtags,73.288,67.35966736,85.44106167,69.14893617,81.91489362,,
resnet18.tv_in1k,CNN,ImageNet 1k,69.76,61.87629938,83.56752537,57.44680851,79.78723404,,
resnet50.a1h_in1k,CNN,ImageNet 1k,80.678,53.4043659,82.35753318,63.82978723,75.53191489,,
resnet50.am_in1k,CNN,ImageNet 1k,79.002,66.86590437,87.93911007,69.14893617,85.10638298,,
resnet50.tv_in1k,CNN,ImageNet 1k,76.128,63.74740125,85.05074161,65.95744681,80.85106383,,
resnet50d.a3_in1k,CNN,ImageNet 1k,78.72,52.54677755,77.75175644,53.19148936,68.08510638,,
resnetrs50.tf_in1k,CNN,ImageNet 1k,79.894,60.05717256,87.00234192,59.57446809,81.91489362,,
resnet18.gluon_in1k,CNN,ImageNet 1k,70.834,63.25363825,84.23106948,61.70212766,82.9787234,,
resnet34.gluon_in1k,CNN,ImageNet 1k,74.58,65.85239085,85.28493365,74.46808511,77.65957447,,
rexnet_100.nav_in1k,CNN,ImageNet 1k,77.856,55.50935551,81.06947697,53.19148936,78.72340426,,
rexnet_130.nav_in1k,CNN,ImageNet 1k,79.506,56.23700624,83.1381733,61.70212766,72.34042553,,
rexnet_150.nav_in1k,CNN,ImageNet 1k,80.324,57.92619543,80.71818891,56.38297872,76.59574468,,
rexnet_200.nav_in1k,CNN,ImageNet 1k,81.636,57.74428274,86.10460578,59.57446809,73.40425532,,
rexnet_300.nav_in1k,CNN,ImageNet 1k,82.774,62.88981289,86.61202186,57.44680851,78.72340426,,
skresnet18.ra_in1k,CNN,ImageNet 1k,73.034,59.35550936,84.50429352,64.89361702,79.78723404,,
skresnet34.ra_in1k,CNN,ImageNet 1k,76.91,59.27754678,85.12880562,59.57446809,74.46808511,,
swin_base_patch4_window7_224.ms_in1k,Transformer,ImageNet 1k,83.606,68.03534304,86.72911788,79.78723404,81.91489362,,
swin_base_patch4_window7_224.ms_in22k_ft_in1k,Transformer,ImageNet 21k,85.272,72.73908524,89.11007026,75.53191489,85.10638298,,
swin_s3_base_224.ms_in1k,Transformer,ImageNet 1k,83.92,76.63721414,88.21233411,80.85106383,85.10638298,,
swin_s3_small_224.ms_in1k,Transformer,ImageNet 1k,83.756,79.02806653,89.11007026,81.91489362,82.9787234,,
swin_s3_tiny_224.ms_in1k,Transformer,ImageNet 1k,82.144,68.86694387,87.82201405,74.46808511,86.17021277,,
swin_small_patch4_window7_224.ms_in1k,Transformer,ImageNet 1k,83.208,64.78690229,87.97814208,71.27659574,85.10638298,,
swin_small_patch4_window7_224.ms_in22k_ft_in1k,Transformer,ImageNet 21k,83.298,66.83991684,89.22716628,69.14893617,85.10638298,,
swin_tiny_patch4_window7_224.ms_in1k,Transformer,ImageNet 1k,81.376,62.65592516,84.23106948,63.82978723,73.40425532,,
swin_tiny_patch4_window7_224.ms_in22k_ft_in1k,Transformer,ImageNet 21k,80.968,64.47505198,86.65105386,69.14893617,84.04255319,,
tresnet_l.miil_in1k,CNN,ImageNet 1k,81.48,59.64137214,86.57298985,56.38297872,88.29787234,,
tresnet_m.miil_in1k,CNN,ImageNet 1k,80.798,57.66632017,85.44106167,61.70212766,84.04255319,,
tresnet_m.miil_in21k_ft_in1k,CNN,ImageNet 21k,83.07,59.71933472,86.8462139,59.57446809,76.59574468,,
tresnet_v2_l.miil_in21k_ft_in1k,CNN,ImageNet 21k,83.894,56.54885655,84.3481655,54.25531915,74.46808511,,
tresnet_xl.miil_in1k,CNN,ImageNet 1k,82.074,61.0966736,86.10460578,65.95744681,80.85106383,,
twins_pcpvt_base.in1k,Transformer,ImageNet 1k,82.714,64.52702703,87.86104606,62.76595745,85.10638298,,
twins_pcpvt_large.in1k,Transformer,ImageNet 1k,83.13,63.40956341,87.470726,60.63829787,81.91489362,,
twins_pcpvt_small.in1k,Transformer,ImageNet 1k,81.092,60.83679834,87.62685402,65.95744681,84.04255319,,
twins_svt_base.in1k,Transformer,ImageNet 1k,83.12,64.94282744,89.11007026,59.57446809,89.36170213,,
twins_svt_small.in1k,Transformer,ImageNet 1k,81.676,61.87629938,84.54332553,60.63829787,81.91489362,,
vgg11_bn.tv_in1k,CNN,ImageNet 1k,70.382,56.93866944,85.55815769,56.38297872,77.65957447,,
vgg11.tv_in1k,CNN,ImageNet 1k,69.022,57.22453222,86.29976581,62.76595745,86.17021277,,
vgg13_bn.tv_in1k,CNN,ImageNet 1k,71.588,60.42099792,85.05074161,63.82978723,80.85106383,,
vgg13.tv_in1k,CNN,ImageNet 1k,69.932,59.69334719,87.54879001,59.57446809,87.23404255,,
vgg16_bn.tv_in1k,CNN,ImageNet 1k,73.37,62.73388773,87.74395004,57.44680851,85.10638298,,
vgg16.tv_in1k,CNN,ImageNet 1k,71.592,58.497921,85.48009368,58.5106383,81.91489362,,
vgg19_bn.tv_in1k,CNN,ImageNet 1k,74.216,61.72037422,83.37236534,61.70212766,77.65957447,,
vgg19.tv_in1k,CNN,ImageNet 1k,72.378,62.21413721,83.7236534,69.14893617,85.10638298,,
visformer_small.in1k,Hybrid,ImageNet 1k,82.106,60.81081081,86.80718189,67.0212766,79.78723404,,
visformer_tiny.in1k,Hybrid,ImageNet 1k,78.16,57.3024948,86.02654176,61.70212766,78.72340426,,
vit_base_patch16_224_miil.in21k_ft_in1k,Transformer,ImageNet 21k,84.266,63.43555094,87.15846995,65.95744681,79.78723404,,
vit_base_patch16_224.augreg_in1k,Transformer,ImageNet 1k,79.154,65.98232848,83.33333333,75.53191489,78.72340426,,
vit_base_patch16_224.augreg2_in21k_ft_in1k,Transformer,ImageNet 21k,85.094,74.58419958,88.29039813,76.59574468,80.85106383,,
vit_base_patch16_224.orig_in21k_ft_in1k,Transformer,ImageNet 21k,81.79,57.64033264,87.15846995,61.70212766,84.04255319,,
vit_base_patch16_224.sam_in1k,Transformer,ImageNet 1k,80.238,59.64137214,85.48009368,64.89361702,84.04255319,,
vit_base_patch16_rpn_224.sw_in1k,Transformer,ImageNet 1k,82.202,61.35654886,86.41686183,59.57446809,76.59574468,,
vit_base_patch8_224.augreg_in21k_ft_in1k,Transformer,ImageNet 21k,85.798,77.0010395,89.03200625,89.36170213,81.91489362,,
vit_base_patch8_224.augreg2_in21k_ft_in1k,Transformer,ImageNet 21k,86.218,79.15800416,89.61748634,84.04255319,85.10638298,,
vit_srelpos_medium_patch16_224.sw_in1k,Transformer,ImageNet 1k,82.24,62.31808732,85.48009368,71.27659574,81.91489362,,
vit_srelpos_small_patch16_224.sw_in1k,Transformer,ImageNet 1k,81.092,61.85031185,86.76814988,69.14893617,85.10638298,,
vit_tiny_r_s16_p8_224.augreg_in21k_ft_in1k,Transformer,ImageNet 21k,71.798,58.65384615,85.16783763,55.31914894,82.9787234,,
vit_large_patch16_384.augreg_in21k_ft_in1k,Transformer,ImageNet 21k,87.084,79.57380457,89.18813427,86.17021277,78.72340426,,
vit_large_r50_s32_384.augreg_in21k_ft_in1k,Transformer,ImageNet 21k,86.182,84.3035343,88.52459016,90.42553191,85.10638298,,
vit_medium_patch16_gap_384.sw_in12k_ft_in1k,Transformer,ImageNet 12k,85.53,77.72869023,89.9687744,79.78723404,81.91489362,,
vit_relpos_base_patch16_224.sw_in1k,Transformer,ImageNet 1k,82.496,62.96777547,87.70491803,68.08510638,84.04255319,,
vit_relpos_base_patch16_clsgap_224.sw_in1k,Transformer,ImageNet 1k,82.76,66.91787942,88.32943013,67.0212766,85.10638298,,
vit_relpos_medium_patch16_224.sw_in1k,Transformer,ImageNet 1k,82.462,64.16320166,88.91491023,73.40425532,85.10638298,,
vit_relpos_medium_patch16_cls_224.sw_in1k,Transformer,ImageNet 1k,82.572,67.61954262,86.18266979,69.14893617,86.17021277,,
vit_relpos_medium_patch16_rpn_224.sw_in1k,Transformer,ImageNet 1k,82.31,62.18814969,88.21233411,70.21276596,85.10638298,,
vit_relpos_small_patch16_224.sw_in1k,Transformer,ImageNet 1k,81.462,62.55197505,84.89461358,58.5106383,84.04255319,,
volo_d1_384.sail_in1k,Transformer,ImageNet 1k,85.244,73.49272349,89.69555035,82.9787234,88.29787234,,
volo_d2_384.sail_in1k,Transformer,ImageNet 1k,86.042,79.10602911,89.14910226,82.9787234,81.91489362,,
volo_d3_224.sail_in1k,Transformer,ImageNet 1k,85.414,67.17775468,88.95394223,67.0212766,85.10638298,,
volo_d4_224.sail_in1k,Transformer,ImageNet 1k,85.872,72.27130977,89.81264637,72.34042553,85.10638298,,
volo_d5_224.sail_in1k,Transformer,ImageNet 1k,86.07,73.31081081,90.55425449,70.21276596,82.9787234,,
volo_d1_224.sail_in1k,Transformer,ImageNet 1k,84.162,60.96673597,87.78298205,58.5106383,82.9787234,,
volo_d2_224.sail_in1k,Transformer,ImageNet 1k,85.202,63.61746362,88.40749415,59.57446809,86.17021277,,
xcit_medium_24_p8_224.fb_in1k,Transformer,ImageNet 1k,83.746,65.28066528,89.61748634,71.27659574,89.36170213,,
xcit_nano_12_p8_224.fb_in1k,Transformer,ImageNet 1k,73.91,56.65280665,84.54332553,59.57446809,80.85106383,,
xcit_small_12_p8_224.fb_in1k,Transformer,ImageNet 1k,83.334,66.81392931,90.39812646,60.63829787,86.17021277,,
xcit_small_24_p8_224.fb_in1k,Transformer,ImageNet 1k,83.834,68.08731809,90.12490242,68.08510638,88.29787234,,
xcit_tiny_12_p8_224.fb_in1k,Transformer,ImageNet 1k,79.688,61.74636175,87.43169399,67.0212766,86.17021277,,
xcit_tiny_24_p8_224.fb_in1k,Transformer,ImageNet 1k,81.892,59.40748441,87.19750195,64.89361702,82.9787234,,
convnext_base.fb_in22k_ft_in1k,CNN,ImageNet 21k,86.274,66.29417879,88.01717408,73.40425532,78.72340426,,
convnext_base.fb_in22k_ft_in1k_384,CNN,ImageNet 21k,86.796,71.36174636,90.16393443,72.34042553,81.91489362,,
convnext_large.fb_in22k_ft_in1k,CNN,ImageNet 21k,87.026,66.11226611,89.61748634,67.0212766,84.04255319,,
convnext_large.fb_in22k_ft_in1k_384,CNN,ImageNet 21k,87.472,73.88253638,90.47619048,77.65957447,82.9787234,,
convnext_small.in12k_ft_in1k_384,CNN,ImageNet 21k,86.182,82.25051975,87.08040593,88.29787234,82.9787234,,
convnextv2_base.fcmae_ft_in22k_in1k,CNN,ImageNet 21k,86.998,64.96881497,90.90554254,68.08510638,84.04255319,,
convnextv2_base.fcmae_ft_in22k_in1k_384,CNN,ImageNet 21k,87.644,76.81912682,91.56908665,77.65957447,89.36170213,,
convnextv2_large.fcmae_ft_in1k,CNN,ImageNet 1k,86.118,63.98128898,87.86104606,71.27659574,86.17021277,,
convnextv2_large.fcmae_ft_in22k_in1k,CNN,ImageNet 21k,87.484,68.76299376,89.9687744,74.46808511,84.04255319,,
convnextv2_large.fcmae_ft_in22k_in1k_384,CNN,ImageNet 21k,88.198,77.72869023,91.95940671,79.78723404,90.42553191,,
crossvit_9_240.in1k,Transformer,ImageNet 1k,73.96,56.52286902,85.32396565,55.31914894,82.9787234,,
crossvit_tiny_240.in1k,Transformer,ImageNet 1k,73.34,60.91476091,84.89461358,70.21276596,80.85106383,,
tf_mobilenetv3_large_075.in1k,CNN,ImageNet 1k,73.43,55.04158004,80.36690086,60.63829787,72.34042553,,
tf_mobilenetv3_large_minimal_100.in1k,CNN,ImageNet 1k,72.264,53.66424116,78.57142857,59.57446809,71.27659574,,
tf_mobilenetv3_small_075.in1k,CNN,ImageNet 1k,65.726,53.71621622,81.69398907,46.80851064,77.65957447,,
tf_mobilenetv3_small_100.in1k,CNN,ImageNet 1k,67.922,53.97609148,80.71818891,47.87234043,77.65957447,,
mobilevit_xs.cvnets_in1k,Transformer,ImageNet 1k,74.634,61.0966736,82.24043716,55.31914894,76.59574468,,
mobilevit_xxs.cvnets_in1k,Transformer,ImageNet 1k,68.918,58.39397089,84.62138954,57.44680851,82.9787234,,
mobilevitv2_050.cvnets_in1k,Transformer,ImageNet 1k,70.148,54.02806653,80.75722092,51.06382979,74.46808511,,
legacy_seresnet18.in1k,CNN,ImageNet 1k,71.76,60.68087318,86.76814988,58.5106383,85.10638298,,
legacy_seresnet34.in1k,CNN,ImageNet 1k,74.802,65.17671518,86.10460578,62.76595745,84.04255319,,
seresnextaa101d_32x8d.sw_in12k_ft_in1k,CNN,ImageNet 12k,86.484,68.32120582,90.71038251,70.21276596,82.9787234,,
seresnextaa101d_32x8d.sw_in12k_ft_in1k_288,CNN,ImageNet 12k,86.724,68.73700624,88.05620609,70.21276596,82.9787234,,
semnasnet_075.rmsp_in1k,CNN,ImageNet 1k,73.004,54.96361746,80.21077283,62.76595745,81.91489362,,
mnasnet_100.rmsp_in1k,CNN,ImageNet 1k,74.652,54.15800416,79.54722873,59.57446809,80.85106383,,
mnasnet_small.lamb_in1k,CNN,ImageNet 1k,66.196,56.08108108,82.12334114,54.25531915,82.9787234,,
swinv2_base_window12to16_192to256.ms_in22k_ft_in1k,Transformer,ImageNet 21k,86.268,81.99064449,90.94457455,84.04255319,89.36170213,,
swinv2_base_window12to24_192to384.ms_in22k_ft_in1k,Transformer,ImageNet 21k,87.096,86.12266112,89.50039032,91.4893617,86.17021277,,
swinv2_large_window12to16_192to256.ms_in22k_ft_in1k,Transformer,ImageNet 21k,86.952,84.04365904,91.33489461,84.04255319,89.36170213,,
swinv2_large_window12to24_192to384.ms_in22k_ft_in1k,Transformer,ImageNet 21k,87.464,83.13409563,90.47619048,82.9787234,86.17021277,,
swinv2_cr_small_224.sw_in1k,Transformer,ImageNet 1k,83.136,70.34823285,86.69008587,74.46808511,84.04255319,,
swinv2_cr_small_ns_224.sw_in1k,Transformer,ImageNet 1k,83.498,69.2047817,88.7587822,73.40425532,80.85106383,,
swinv2_cr_tiny_ns_224.sw_in1k,Transformer,ImageNet 1k,81.802,63.17567568,87.15846995,62.76595745,81.91489362,,
eva_large_patch14_196.in22k_ft_in1k,Transformer,ImageNet 21k,87.932,79.52182952,89.11007026,88.29787234,80.85106383,,
eva_large_patch14_196.in22k_ft_in22k_in1k,Transformer,ImageNet 21k,88.574,80.48336798,89.18813427,81.91489362,86.17021277,,
eva_large_patch14_336.in22k_ft_in1k,Transformer,ImageNet 21k,88.67,84.14760915,91.37392662,85.10638298,89.36170213,,
eva_large_patch14_336.in22k_ft_in22k_in1k,Transformer,ImageNet 21k,89.206,83.16008316,90.6323185,92.55319149,85.10638298,,
eva02_base_patch14_448.mim_in22k_ft_in1k,Transformer,ImageNet 21k,88.252,85.47297297,90.04683841,89.36170213,87.23404255,,
eva02_base_patch14_448.mim_in22k_ft_in22k_in1k,Transformer,ImageNet 21k,88.69,83.73180873,91.80327869,80.85106383,87.23404255,,
eva02_large_patch14_448.mim_in22k_ft_in1k,Transformer,ImageNet 21k,89.622,51.4033264,89.85167838,57.44680851,84.04255319,,
eva02_large_patch14_448.mim_in22k_ft_in22k_in1k,Transformer,ImageNet 21k,89.97,85.6029106,89.3442623,91.4893617,80.85106383,,
eva02_large_patch14_448.mim_m38m_ft_in1k,Transformer,Merged-38M,89.574,52.52079002,91.10070258,47.87234043,84.04255319,,
tinynet_b.in1k,CNN,ImageNet 1k,74.978,58.65384615,83.68462139,56.38297872,73.40425532,,
tinynet_c.in1k,CNN,ImageNet 1k,71.242,53.8981289,82.55269321,53.19148936,79.78723404,,
edgenext_xx_small.in1k,Hybrid,ImageNet 1k,71.878,53.87214137,85.05074161,59.57446809,79.78723404,,
ghostnet_100.in1k,CNN,ImageNet 1k,73.958,57.38045738,82.27946916,53.19148936,77.65957447,,
spnasnet_100.rmsp_in1k,CNN,ImageNet 1k,74.094,56.96465696,82.98204528,58.5106383,74.46808511,,
vit_large_patch14_clip_224.openai_ft_in12k_in1k,Transformer,ImageNet 12k,88.174,71.75155925,86.57298985,79.78723404,80.85106383,,
vit_large_patch14_clip_224.laion2b_ft_in12k_in1k,Transformer,ImageNet 12k,87.894,73.5966736,86.06557377,78.72340426,85.10638298,,
vit_large_patch14_clip_224.openai_ft_in1k,Transformer,ImageNet 1k,87.854,78.3004158,86.06557377,80.85106383,79.78723404,,
vit_large_patch14_clip_224.laion2b_ft_in1k,Transformer,ImageNet 1k,87.286,74.79209979,84.07494145,76.59574468,79.78723404,,
vit_base_patch16_clip_224.laion2b_ft_in12k_in1k,Transformer,ImageNet 12k,86.17,55.58731809,85.48009368,52.12765957,77.65957447,,
vit_base_patch16_clip_224.openai_ft_in12k_in1k,Transformer,ImageNet 12k,85.942,64.68295218,86.92427791,68.08510638,87.23404255,,
vit_base_patch16_clip_224.laion2b_ft_in1k,Transformer,ImageNet 1k,85.47,61.77234927,85.08977361,62.76595745,77.65957447,,
vit_base_patch16_clip_224.openai_ft_in1k,Transformer,ImageNet 1k,85.292,62.29209979,86.57298985,55.31914894,77.65957447,,
vit_base_patch32_clip_224.laion2b_ft_in12k_in1k,Transformer,ImageNet 12k,83.296,52.41683992,81.18657299,54.25531915,75.53191489,,
vit_base_patch32_clip_224.laion2b_ft_in1k,Transformer,ImageNet 1k,82.582,50.33783784,81.81108509,57.44680851,76.59574468,,
vit_base_patch32_clip_224.openai_ft_in1k,Transformer,ImageNet 1k,81.93,50.41580042,84.11397346,45.74468085,81.91489362,,