model_name,model_type,training_data,imagenet_accuracy,perspective_accuracy,depth_accuracy,perspective_accuracy_human,depth_accuracy_human,view_exp_accuracy
resnet18.a3_in1k,CNN,ImageNet 1k,68.252,49.24636175,57.68930523,48.93617021,64.89361702,55
resnet152.a3_in1k,CNN,ImageNet 1k,80.546,50.62370062,65.37861046,46.80851064,64.89361702,52.5
resnet101.a3_in1k,CNN,ImageNet 1k,79.814,51.03950104,62.56830601,53.19148936,65.95744681,40
resnet50.a3_in1k,CNN,ImageNet 1k,78.048,50.77962578,68.54020297,50,63.82978723,40
resnet34.a3_in1k,CNN,ImageNet 1k,72.97,49.87006237,61.67056987,51.06382979,62.76595745,45
vit_tiny_patch16_224.augreg_in21k_ft_in1k,Transformer,ImageNet21k,75.462,51.71517672,60.07025761,46.80851064,61.70212766,52.5
vit_small_patch16_224.augreg_in1k,Transformer,ImageNet 1k,78.848,51.63721414,66.97892272,60.63829787,61.70212766,40
vit_small_patch16_224.augreg_in21k_ft_in1k,Transformer,ImageNet21k,81.386,49.11642412,72.75565964,46.80851064,64.89361702,50
vit_base_patch16_224.augreg_in21k_ft_in1k,Transformer,ImageNet21k,84.532,51.84511435,74.90241998,52.12765957,70.21276596,52.5
vit_large_patch16_224.augreg_in21k_ft_in1k,Transformer,ImageNet21k,85.836,51.76715177,78.1030445,50,70.21276596,50
beit_base_patch16_224.in22k_ft_in22k_in1k,Transformer,ImageNet21k,85.212,53.82016632,70.80405933,46.80851064,65.95744681,50
beitv2_base_patch16_224.in1k_ft_in1k,Transformer,ImageNet 1k,85.594,51.66320166,68.61826698,56.38297872,61.70212766,50
beitv2_base_patch16_224.in1k_ft_in22k_in1k,Transformer,ImageNet 1k,86.474,52.67671518,68.07181889,50,70.21276596,60
beit_base_patch16_384.in22k_ft_in22k_in1k,Transformer,ImageNet21k,86.8,51.79313929,72.59953162,53.19148936,68.08510638,50
beit_large_patch16_224.in22k_ft_in22k_in1k,Transformer,ImageNet21k,87.478,51.27338877,75.6440281,50,68.08510638,60
beit_large_patch16_384.in22k_ft_in22k_in1k,Transformer,ImageNet21k,88.402,53.06652807,76.19047619,55.31914894,74.46808511,55
beit_large_patch16_512.in22k_ft_in22k_in1k,Transformer,ImageNet21k,88.596,53.50831601,79.43013271,52.12765957,75.53191489,52.5
beitv2_large_patch16_224.in1k_ft_in1k,Transformer,ImageNet 1k,87.412,51.58523909,69.00858704,58.5106383,64.89361702,52.5
beitv2_large_patch16_224.in1k_ft_in22k_in1k,Transformer,ImageNet 1k,88.394,51.35135135,76.11241218,48.93617021,72.34042553,50
caformer_m36.sail_in1k,MetaFormer,ImageNet 1k,85.232,50.64968815,64.20765027,50,59.57446809,50
caformer_m36.sail_in22k_ft_in1k,MetaFormer,ImageNet21k,86.594,51.11746362,71.81889149,47.87234043,63.82978723,50
caformer_s18.sail_in1k,MetaFormer,ImageNet 1k,83.654,50.93555094,68.65729899,51.06382979,55.31914894,50
caformer_s18.sail_in22k_ft_in1k,MetaFormer,ImageNet21k,84.074,51.01351351,70.6088993,52.12765957,63.82978723,50
caformer_s36.sail_in1k,MetaFormer,ImageNet 1k,84.506,50.98752599,62.17798595,55.31914894,45.74468085,47.5
caformer_s36.sail_in22k_ft_in1k,MetaFormer,ImageNet21k,85.79,51.37733888,72.20921155,57.44680851,69.14893617,50
cait_s24_224.fb_dist_in1k,Transformer,ImageNet 1k,83.442,51.58523909,69.75019516,63.82978723,61.70212766,52.5
cait_xxs24_224.fb_dist_in1k,Transformer,ImageNet 1k,78.384,48.7006237,65.88602654,54.25531915,55.31914894,45
cait_xxs36_224.fb_dist_in1k,Transformer,ImageNet 1k,79.746,50.77962578,63.81733021,54.25531915,60.63829787,47.5
coat_lite_medium.in1k,Hybrid,ImageNet 1k,83.6,51.37733888,68.65729899,55.31914894,60.63829787,52.5
coat_lite_mini.in1k,Hybrid,ImageNet 1k,79.102,49.92203742,62.41217799,54.25531915,54.25531915,50
coat_lite_small.in1k,Hybrid,ImageNet 1k,82.312,51.16943867,65.22248244,54.25531915,63.82978723,45
coat_lite_tiny.in1k,Hybrid,ImageNet 1k,77.52,50.5977131,63.23185012,53.19148936,55.31914894,47.5
coat_mini.in1k,Hybrid,ImageNet 1k,81.27,50.20790021,61.8657299,55.31914894,52.12765957,45
coat_small.in1k,Hybrid,ImageNet 1k,82.362,51.55925156,67.5253708,58.5106383,63.82978723,40
coat_tiny.in1k,Hybrid,ImageNet 1k,78.426,52.36486486,60.77283372,53.19148936,55.31914894,52.5
coatnet_0_rw_224.sw_in1k,Hybrid,ImageNet 1k,82.39,51.32536383,64.63700234,51.06382979,58.5106383,45
coatnet_1_rw_224.sw_in1k,Hybrid,ImageNet 1k,83.596,50.07796258,68.22794692,53.19148936,59.57446809,47.5
coatnet_bn_0_rw_224.sw_in1k,Hybrid,ImageNet 1k,82.4,49.97401247,65.45667447,58.5106383,59.57446809,55
coatnet_nano_rw_224.sw_in1k,Hybrid,ImageNet 1k,81.696,50.05197505,65.57377049,55.31914894,58.5106383,52.5
coatnet_rmlp_1_rw_224.sw_in1k,Hybrid,ImageNet 1k,83.362,52.26091476,64.09055425,56.38297872,63.82978723,45
coatnet_rmlp_1_rw2_224.sw_in12k_ft_in1k,Hybrid,ImageNet 12k,84.91,51.58523909,69.43793911,57.44680851,58.5106383,50
coatnet_rmlp_2_rw_224.sw_in1k,Hybrid,ImageNet 1k,84.608,51.61122661,65.6518345,45.74468085,62.76595745,50
coatnet_rmlp_nano_rw_224.sw_in1k,Hybrid,ImageNet 1k,82.05,52.13097713,63.50507416,48.93617021,50,52.5
convit_base.fb_in1k,Transformer,ImageNet 1k,82.29,53.27442827,73.06791569,58.5106383,52.12765957,45
convit_small.fb_in1k,Transformer,ImageNet 1k,81.42,51.1954262,71.8969555,59.57446809,53.19148936,50
convit_tiny.fb_in1k,Transformer,ImageNet 1k,73.112,50.38981289,64.94925839,47.87234043,56.38297872,42.5
convmixer_1024_20_ks9_p14.in1k,CNN,ImageNet 1k,76.936,51.24740125,65.06635441,45.74468085,63.82978723,47.5
convmixer_1536_20.in1k,CNN,ImageNet 1k,81.362,50.05197505,70.92115535,53.19148936,62.76595745,50
convmixer_768_32.in1k,CNN,ImageNet 1k,80.168,51.16943867,67.44730679,48.93617021,52.12765957,50
davit_base.msft_in1k,Transformer,ImageNet 1k,84.642,51.1954262,70.10148322,58.5106383,62.76595745,42.5
davit_small.msft_in1k,Transformer,ImageNet 1k,84.252,51.24740125,72.63856362,57.44680851,64.89361702,45
davit_tiny.msft_in1k,Transformer,ImageNet 1k,82.696,49.76611227,70.76502732,52.12765957,67.0212766,55
deit_base_distilled_patch16_224.fb_in1k,Transformer,ImageNet 1k,83.39,51.74116424,69.59406714,56.38297872,75.53191489,60
deit_base_patch16_224.fb_in1k,Transformer,ImageNet 1k,81.992,50.41580042,69.04761905,59.57446809,64.89361702,47.5
deit_small_distilled_patch16_224.fb_in1k,Transformer,ImageNet 1k,81.216,51.84511435,68.735363,59.57446809,63.82978723,47.5
deit_small_patch16_224.fb_in1k,Transformer,ImageNet 1k,79.848,51.76715177,65.10538642,54.25531915,59.57446809,50
deit_tiny_distilled_patch16_224.fb_in1k,Transformer,ImageNet 1k,74.504,51.11746362,65.49570648,47.87234043,62.76595745,52.5
deit_tiny_patch16_224.fb_in1k,Transformer,ImageNet 1k,72.17,52.33887734,67.01795472,42.55319149,59.57446809,50
deit3_base_patch16_224.fb_in1k,Transformer,ImageNet 1k,83.786,50.67567568,68.69633099,50,58.5106383,42.5
deit3_base_patch16_224.fb_in22k_ft_in1k,Transformer,ImageNet 21k,85.7,52.62474012,68.81342701,61.70212766,53.19148936,42.5
deit3_medium_patch16_224.fb_in1k,Transformer,ImageNet 1k,83.086,52.31288981,71.35050742,56.38297872,60.63829787,37.5
deit3_medium_patch16_224.fb_in22k_ft_in1k,Transformer,ImageNet 21k,84.55,51.27338877,68.85245902,51.06382979,62.76595745,47.5
deit3_small_patch16_224.fb_in1k,Transformer,ImageNet 1k,81.37,49.61018711,62.17798595,44.68085106,57.44680851,50
deit3_small_patch16_224.fb_in22k_ft_in1k,Transformer,ImageNet 21k,83.076,51.4033264,63.58313817,59.57446809,54.25531915,45
densenet121.tv_in1k,CNN,ImageNet 1k,74.764,52.26091476,63.7782982,48.93617021,65.95744681,52.5
densenet161.tv_in1k,CNN,ImageNet 1k,77.358,51.97505198,65.88602654,54.25531915,61.70212766,47.5
densenet169.tv_in1k,CNN,ImageNet 1k,75.9,50.36382536,63.34894614,58.5106383,57.44680851,47.5
densenet201.tv_in1k,CNN,ImageNet 1k,77.286,51.01351351,68.85245902,57.44680851,69.14893617,47.5
dla102.in1k,CNN,ImageNet 1k,78.024,50.07796258,65.69086651,59.57446809,61.70212766,50
dla169.in1k,CNN,ImageNet 1k,78.708,50.15592516,67.83762685,50,54.25531915,57.5
dla34.in1k,CNN,ImageNet 1k,74.64,50.5977131,63.34894614,50,62.76595745,55
dla46_c.in1k,CNN,ImageNet 1k,64.872,50.18191268,59.3676815,48.93617021,64.89361702,45
dla60.in1k,CNN,ImageNet 1k,77.046,51.79313929,66.47150664,47.87234043,58.5106383,55
dpn107.mx_in1k,CNN,ImageNet 1k,80.17,50.75363825,63.70023419,46.80851064,59.57446809,50
dpn131.mx_in1k,CNN,ImageNet 1k,79.814,51.61122661,61.43637783,45.74468085,57.44680851,47.5
dpn68.mx_in1k,CNN,ImageNet 1k,76.346,51.42931393,58.19672131,51.06382979,61.70212766,42.5
dpn68b.mx_in1k,CNN,ImageNet 1k,77.518,49.22037422,66.66666667,56.38297872,58.5106383,50
dpn92.mx_in1k,CNN,ImageNet 1k,80.038,50.36382536,62.76346604,57.44680851,58.5106383,37.5
dpn98.mx_in1k,CNN,ImageNet 1k,79.67,49.76611227,61.67056987,47.87234043,61.70212766,52.5
efficientformer_l1.snap_dist_in1k,Transformer,ImageNet 1k,80.498,49.74012474,67.75956284,55.31914894,65.95744681,42.5
efficientformer_l3.snap_dist_in1k,Transformer,ImageNet 1k,82.548,49.79209979,68.85245902,47.87234043,55.31914894,52.5
efficientformer_l7.snap_dist_in1k,Transformer,ImageNet 1k,83.382,51.09147609,65.6518345,56.38297872,58.5106383,42.5
efficientformerv2_l.snap_dist_in1k,Transformer,ImageNet 1k,83.632,50.28586279,68.65729899,50,57.44680851,42.5
efficientformerv2_s0.snap_dist_in1k,Transformer,ImageNet 1k,76.114,51.48128898,65.69086651,54.25531915,57.44680851,47.5
efficientformerv2_s1.snap_dist_in1k,Transformer,ImageNet 1k,79.692,50.15592516,65.76893052,55.31914894,58.5106383,55
efficientformerv2_s2.snap_dist_in1k,Transformer,ImageNet 1k,82.166,51.01351351,65.49570648,57.44680851,50,50
efficientnet_b0.ra_in1k,CNN,ImageNet 1k,77.694,50.46777547,68.22794692,55.31914894,63.82978723,57.5
efficientnet_es_pruned.in1k,CNN,ImageNet 1k,75.006,51.8970894,65.14441842,51.06382979,63.82978723,47.5
efficientnet_es.ra_in1k,CNN,ImageNet 1k,78.058,50.57172557,65.10538642,54.25531915,53.19148936,50
efficientnet_lite0.ra_in1k,CNN,ImageNet 1k,75.482,50.75363825,63.7392662,51.06382979,69.14893617,55
focalnet_base_srf.ms_in1k,Transformer,ImageNet 1k,83.82,51.09147609,68.42310695,55.31914894,59.57446809,50
focalnet_small_srf.ms_in1k,Transformer,ImageNet 1k,83.416,50.88357588,67.01795472,58.5106383,51.06382979,50
focalnet_tiny_srf.ms_in1k,Transformer,ImageNet 1k,82.138,51.32536383,66.93989071,55.31914894,53.19148936,60
focalnet_base_lrf.ms_in1k,Transformer,ImageNet 1k,83.838,51.61122661,68.85245902,57.44680851,61.70212766,50
focalnet_small_lrf.ms_in1k,Transformer,ImageNet 1k,83.494,50.93555094,66.62763466,51.06382979,56.38297872,47.5
focalnet_tiny_lrf.ms_in1k,Transformer,ImageNet 1k,82.154,50.28586279,68.85245902,51.06382979,59.57446809,50
hrnet_w18_small_v2.ms_in1k,CNN,ImageNet 1k,75.11,50.54573805,67.21311475,53.19148936,67.0212766,50
hrnet_w18_small.ms_in1k,CNN,ImageNet 1k,72.336,50.54573805,62.80249805,43.61702128,68.08510638,50
hrnet_w18.ms_in1k,CNN,ImageNet 1k,76.752,50.54573805,66.15925059,51.06382979,61.70212766,45
hrnet_w30.ms_in1k,CNN,ImageNet 1k,78.196,49.32432432,64.79313037,53.19148936,69.14893617,42.5
hrnet_w32.ms_in1k,CNN,ImageNet 1k,78.442,50.38981289,67.83762685,50,63.82978723,47.5
hrnet_w40.ms_in1k,CNN,ImageNet 1k,78.932,51.61122661,63.19281811,50,60.63829787,47.5
hrnet_w44.ms_in1k,CNN,ImageNet 1k,78.894,50.25987526,66.93989071,61.70212766,60.63829787,52.5
hrnet_w48.ms_in1k,CNN,ImageNet 1k,79.306,49.50623701,66.43247463,52.12765957,57.44680851,57.5
lcnet_050.ra2_in1k,CNN,ImageNet 1k,63.138,50.83160083,58.54800937,51.06382979,69.14893617,50
lcnet_075.ra2_in1k,CNN,ImageNet 1k,68.782,50.23388773,60.73380172,54.25531915,65.95744681,50
lcnet_100.ra2_in1k,CNN,ImageNet 1k,72.102,51.27338877,63.19281811,54.25531915,72.34042553,55
levit_128.fb_dist_in1k,Transformer,ImageNet 1k,78.49,48.98648649,65.22248244,56.38297872,52.12765957,40
levit_128s.fb_dist_in1k,Transformer,ImageNet 1k,76.526,49.55821206,63.93442623,46.80851064,59.57446809,50
levit_192.fb_dist_in1k,Transformer,ImageNet 1k,79.838,49.53222453,66.93989071,51.06382979,59.57446809,50
levit_256.fb_dist_in1k,Transformer,ImageNet 1k,81.524,51.11746362,64.16861827,53.19148936,58.5106383,47.5
levit_384.fb_dist_in1k,Transformer,ImageNet 1k,82.596,50.38981289,70.99921936,53.19148936,54.25531915,50
maxvit_rmlp_base_rw_224.sw_in12k_ft_in1k,Transformer,ImageNet 12k,86.894,50.36382536,70.17954723,52.12765957,56.38297872,55
maxxvitv2_rmlp_base_rw_384.sw_in12k_ft_in1k,Transformer,ImageNet 12k,87.464,51.71517672,76.8930523,54.25531915,64.89361702,47.5
maxvit_rmlp_small_rw_224.sw_in1k,Transformer,ImageNet 1k,84.492,50.80561331,68.26697892,48.93617021,64.89361702,45
maxvit_small_tf_224.in1k,Transformer,ImageNet 1k,84.426,50.72765073,72.09211553,56.38297872,62.76595745,50
maxvit_tiny_rw_224.sw_in1k,Transformer,ImageNet 1k,83.504,50.51975052,65.88602654,55.31914894,55.31914894,50
maxvit_tiny_tf_224.in1k,Transformer,ImageNet 1k,83.402,50.02598753,66.2763466,53.19148936,61.70212766,50
mixnet_l.ft_in1k,CNN,ImageNet 1k,78.966,51.45530146,67.83762685,47.87234043,60.63829787,52.5
mixnet_m.ft_in1k,CNN,ImageNet 1k,77.26,50.62370062,71.8969555,51.06382979,71.27659574,52.5
mixnet_s.ft_in1k,CNN,ImageNet 1k,75.994,50.85758836,66.54957065,52.12765957,71.27659574,50
mixnet_xl.ra_in1k,CNN,ImageNet 1k,80.482,51.37733888,67.29117877,53.19148936,64.89361702,52.5
mobilenetv2_050.lamb_in1k,CNN,ImageNet 1k,65.948,50.33783784,59.21155347,55.31914894,60.63829787,50
mobilenetv2_100.ra_in1k,CNN,ImageNet 1k,72.968,50.05197505,61.20218579,50,65.95744681,52.5
mobilenetv2_110d.ra_in1k,CNN,ImageNet 1k,75.054,50.20790021,66.47150664,54.25531915,67.0212766,45
mobilenetv2_120d.ra_in1k,CNN,ImageNet 1k,77.308,51.74116424,59.13348946,46.80851064,56.38297872,55
mobilenetv2_140.ra_in1k,CNN,ImageNet 1k,76.516,50.33783784,60.6167057,51.06382979,64.89361702,50
mobilenetv3_large_100.miil_in21k_ft_in1k,CNN,ImageNet 21k,77.92,49.74012474,65.80796253,44.68085106,64.89361702,50
mobilenetv3_large_100.ra_in1k,CNN,ImageNet 1k,75.766,50.05197505,64.4028103,48.93617021,60.63829787,50
mobilenetv3_rw.rmsp_in1k,CNN,ImageNet 1k,75.62,49.50623701,71.31147541,58.5106383,64.89361702,40
mobilenetv3_small_075.lamb_in1k,CNN,ImageNet 1k,65.236,50.41580042,63.7782982,44.68085106,73.40425532,50
mobilenetv3_small_100.lamb_in1k,CNN,ImageNet 1k,67.658,50.62370062,60.26541764,46.80851064,65.95744681,52.5
mvitv2_base.fb_in1k,Transformer,ImageNet 1k,84.45,51.50727651,71.77985948,52.12765957,64.89361702,52.5
mvitv2_small.fb_in1k,Transformer,ImageNet 1k,83.77,50.12993763,72.40437158,56.38297872,63.82978723,55
mvitv2_tiny.fb_in1k,Transformer,ImageNet 1k,82.41,50.23388773,71.11631538,61.70212766,58.5106383,45
pit_b_224.in1k,Transformer,ImageNet 1k,82.438,51.03950104,72.32630757,53.19148936,69.14893617,52.5
pit_b_distilled_224.in1k,Transformer,ImageNet 1k,83.766,50.54573805,70.45277127,44.68085106,61.70212766,50
pit_s_224.in1k,Transformer,ImageNet 1k,81.086,50.62370062,68.774395,51.06382979,65.95744681,47.5
pit_s_distilled_224.in1k,Transformer,ImageNet 1k,81.814,50.46777547,69.20374707,52.12765957,59.57446809,60
pit_ti_224.in1k,Transformer,ImageNet 1k,72.91,50.46777547,67.36924278,55.31914894,58.5106383,45
pit_ti_distilled_224.in1k,Transformer,ImageNet 1k,74.256,50.36382536,65.72989852,55.31914894,63.82978723,50
pit_xs_224.in1k,Transformer,ImageNet 1k,78.176,52.31288981,68.50117096,51.06382979,65.95744681,50
pit_xs_distilled_224.in1k,Transformer,ImageNet 1k,79.18,50.83160083,69.43793911,62.76595745,63.82978723,45
poolformer_m36.sail_in1k,MetaFormer,ImageNet 1k,82.102,50.67567568,66.66666667,57.44680851,57.44680851,42.5
poolformer_s12.sail_in1k,MetaFormer,ImageNet 1k,77.24,50.05197505,61.82669789,59.57446809,58.5106383,52.5
poolformer_s24.sail_in1k,MetaFormer,ImageNet 1k,80.294,49.22037422,70.06245121,48.93617021,63.82978723,52.5
poolformer_s36.sail_in1k,MetaFormer,ImageNet 1k,81.43,51.50727651,63.46604215,55.31914894,53.19148936,52.5
poolformerv2_m36.sail_in1k,MetaFormer,ImageNet 1k,82.216,50.02598753,65.76893052,53.19148936,54.25531915,50
poolformerv2_s12.sail_in1k,MetaFormer,ImageNet 1k,78.002,50.85758836,64.32474629,56.38297872,50,60
poolformerv2_s24.sail_in1k,MetaFormer,ImageNet 1k,80.748,51.81912682,65.76893052,51.06382979,59.57446809,42.5
poolformerv2_s36.sail_in1k,MetaFormer,ImageNet 1k,81.566,50.96153846,66.93989071,55.31914894,67.0212766,50
pvt_v2_b0.in1k,Transformer,ImageNet 1k,70.66,51.45530146,66.04215457,50,56.38297872,52.5
pvt_v2_b1.in1k,Transformer,ImageNet 1k,78.704,51.92307692,63.66120219,54.25531915,57.44680851,50
pvt_v2_b2_li.in1k,Transformer,ImageNet 1k,82.194,49.71413721,66.74473068,48.93617021,57.44680851,55
pvt_v2_b2.in1k,Transformer,ImageNet 1k,82.084,49.92203742,65.49570648,57.44680851,57.44680851,60
pvt_v2_b3.in1k,Transformer,ImageNet 1k,83.118,51.48128898,64.24668228,56.38297872,57.44680851,57.5
pvt_v2_b4.in1k,Transformer,ImageNet 1k,83.712,51.32536383,63.1537861,55.31914894,56.38297872,42.5
pvt_v2_b5.in1k,Transformer,ImageNet 1k,83.74,49.68814969,66.58860265,55.31914894,54.25531915,52.5
regnetx_004_tv.tv2_in1k,CNN,ImageNet 1k,74.6,49.19438669,65.06635441,47.87234043,62.76595745,52.5
regnetx_008.tv2_in1k,CNN,ImageNet 1k,77.306,51.22141372,64.67603435,48.93617021,65.95744681,55
regnetx_016.tv2_in1k,CNN,ImageNet 1k,79.436,50.18191268,65.88602654,57.44680851,50,50
regnety_004.tv2_in1k,CNN,ImageNet 1k,75.594,51.14345114,68.57923497,47.87234043,60.63829787,55
regnety_008_tv.tv2_in1k,CNN,ImageNet 1k,78.666,49.92203742,66.54957065,56.38297872,58.5106383,52.5
regnety_016.tv2_in1k,CNN,ImageNet 1k,80.666,50.36382536,66.82279469,58.5106383,54.25531915,62.5
repvgg_b0.rvgg_in1k,CNN,ImageNet 1k,75.144,50.90956341,68.26697892,48.93617021,58.5106383,50
repvgg_b1.rvgg_in1k,CNN,ImageNet 1k,78.368,51.01351351,63.7392662,59.57446809,58.5106383,45
repvgg_b1g4.rvgg_in1k,CNN,ImageNet 1k,77.588,52.7027027,68.03278689,53.19148936,76.59574468,37.5
repvgg_b2.rvgg_in1k,CNN,ImageNet 1k,78.792,51.22141372,69.71116315,61.70212766,65.95744681,50
repvgg_b2g4.rvgg_in1k,CNN,ImageNet 1k,79.382,52.18295218,68.54020297,56.38297872,65.95744681,55
repvgg_b3g4.rvgg_in1k,CNN,ImageNet 1k,80.216,52.52079002,67.87665886,56.38297872,62.76595745,42.5
res2net50_14w_8s.in1k,CNN,ImageNet 1k,78.158,50.72765073,64.20765027,48.93617021,55.31914894,47.5
res2net50_26w_4s.in1k,CNN,ImageNet 1k,77.95,51.01351351,60.38251366,53.19148936,55.31914894,47.5
res2net50_26w_6s.in1k,CNN,ImageNet 1k,78.568,49.97401247,65.37861046,50,60.63829787,55
res2net50_26w_8s.in1k,CNN,ImageNet 1k,78.942,50.5977131,61.31928181,56.38297872,57.44680851,50
res2net50_48w_2s.in1k,CNN,ImageNet 1k,77.514,50.57172557,63.46604215,58.5106383,52.12765957,50
resnest50d_1s4x24d.in1k,CNN,ImageNet 1k,80.988,49.81808732,71.58469945,58.5106383,63.82978723,45
resnest50d_4s2x40d.in1k,CNN,ImageNet 1k,81.12,49.87006237,71.77985948,54.25531915,62.76595745,50
resnest50d.in1k,CNN,ImageNet 1k,80.96,49.92203742,73.41920375,54.25531915,70.21276596,52.5
resnet10t.c3_in1k,CNN,ImageNet 1k,68.364,50.98752599,59.67993755,47.87234043,61.70212766,50
resnet14t.c3_in1k,CNN,ImageNet 1k,72.254,52.18295218,66.2373146,56.38297872,62.76595745,45
resnet18.fb_ssl_yfcc100m_ft_in1k,CNN,YFCC100M,72.598,51.11746362,64.01249024,54.25531915,68.08510638,55
resnet18.fb_swsl_ig1b_ft_in1k,CNN,Instagram-1B hashtags,73.288,51.48128898,68.1498829,50,64.89361702,47.5
resnet18.tv_in1k,CNN,ImageNet 1k,69.76,49.35031185,64.24668228,50,58.5106383,52.5
resnet50.a1h_in1k,CNN,ImageNet 1k,80.678,52.39085239,64.05152225,44.68085106,59.57446809,47.5
resnet50.am_in1k,CNN,ImageNet 1k,79.002,49.87006237,63.81733021,40.42553191,62.76595745,55
resnet50.tv_in1k,CNN,ImageNet 1k,76.128,51.16943867,64.44184231,55.31914894,60.63829787,42.5
resnet50d.a3_in1k,CNN,ImageNet 1k,78.72,49.55821206,65.96409055,51.06382979,68.08510638,52.5
resnetrs50.tf_in1k,CNN,ImageNet 1k,79.894,50.49376299,69.71116315,60.63829787,61.70212766,50
resnet18.gluon_in1k,CNN,ImageNet 1k,70.834,51.22141372,59.13348946,48.93617021,63.82978723,50
resnet34.gluon_in1k,CNN,ImageNet 1k,74.58,49.37629938,62.68540203,51.06382979,58.5106383,55
rexnet_100.nav_in1k,CNN,ImageNet 1k,77.856,50.33783784,65.80796253,47.87234043,63.82978723,52.5
rexnet_130.nav_in1k,CNN,ImageNet 1k,79.506,51.22141372,67.64246682,59.57446809,71.27659574,52.5
rexnet_150.nav_in1k,CNN,ImageNet 1k,80.324,49.50623701,67.13505074,51.06382979,62.76595745,50
rexnet_200.nav_in1k,CNN,ImageNet 1k,81.636,51.81912682,71.58469945,50,63.82978723,55
rexnet_300.nav_in1k,CNN,ImageNet 1k,82.774,51.14345114,72.83372365,55.31914894,61.70212766,55
skresnet18.ra_in1k,CNN,ImageNet 1k,73.034,49.61018711,63.1147541,53.19148936,61.70212766,52.5
skresnet34.ra_in1k,CNN,ImageNet 1k,76.91,49.4022869,65.14441842,47.87234043,61.70212766,62.5
swin_base_patch4_window7_224.ms_in1k,Transformer,ImageNet 1k,83.606,50.5977131,68.38407494,55.31914894,51.06382979,47.5
swin_base_patch4_window7_224.ms_in22k_ft_in1k,Transformer,ImageNet 21k,85.272,50.02598753,75.25370804,44.68085106,63.82978723,50
swin_s3_base_224.ms_in1k,Transformer,ImageNet 1k,83.92,52.65072765,69.82825917,58.5106383,65.95744681,47.5
swin_s3_small_224.ms_in1k,Transformer,ImageNet 1k,83.756,51.45530146,63.54410617,54.25531915,57.44680851,55
swin_s3_tiny_224.ms_in1k,Transformer,ImageNet 1k,82.144,49.8960499,65.80796253,46.80851064,53.19148936,50
swin_small_patch4_window7_224.ms_in1k,Transformer,ImageNet 1k,83.208,50.72765073,67.68149883,51.06382979,59.57446809,47.5
swin_small_patch4_window7_224.ms_in22k_ft_in1k,Transformer,ImageNet 21k,83.298,50.7016632,68.22794692,47.87234043,65.95744681,50
swin_tiny_patch4_window7_224.ms_in1k,Transformer,ImageNet 1k,81.376,50.67567568,66.19828259,58.5106383,58.5106383,45
swin_tiny_patch4_window7_224.ms_in22k_ft_in1k,Transformer,ImageNet 21k,80.968,51.32536383,67.25214676,57.44680851,58.5106383,42.5
tresnet_l.miil_in1k,CNN,ImageNet 1k,81.48,50.83160083,63.70023419,51.06382979,56.38297872,52.5
tresnet_m.miil_in1k,CNN,ImageNet 1k,80.798,51.16943867,67.17408275,50,68.08510638,50
tresnet_m.miil_in21k_ft_in1k,CNN,ImageNet 21k,83.07,50.83160083,66.8618267,56.38297872,61.70212766,50
tresnet_v2_l.miil_in21k_ft_in1k,CNN,ImageNet 21k,83.894,51.32536383,69.3989071,50,64.89361702,55
tresnet_xl.miil_in1k,CNN,ImageNet 1k,82.074,52.36486486,68.38407494,51.06382979,61.70212766,52.5
twins_pcpvt_base.in1k,Transformer,ImageNet 1k,82.714,50.05197505,63.62217018,56.38297872,56.38297872,37.5
twins_pcpvt_large.in1k,Transformer,ImageNet 1k,83.13,50.05197505,67.05698673,52.12765957,56.38297872,50
twins_pcpvt_small.in1k,Transformer,ImageNet 1k,81.092,50.41580042,66.43247463,56.38297872,55.31914894,55
twins_svt_base.in1k,Transformer,ImageNet 1k,83.12,50.57172557,64.44184231,55.31914894,56.38297872,50
twins_svt_small.in1k,Transformer,ImageNet 1k,81.676,51.06548857,67.05698673,59.57446809,57.44680851,47.5
vgg11_bn.tv_in1k,CNN,ImageNet 1k,70.382,49.74012474,60.73380172,50,64.89361702,50
vgg11.tv_in1k,CNN,ImageNet 1k,69.022,51.37733888,59.56284153,46.80851064,55.31914894,55
vgg13_bn.tv_in1k,CNN,ImageNet 1k,71.588,50.44178794,60.69476971,55.31914894,69.14893617,52.5
vgg13.tv_in1k,CNN,ImageNet 1k,69.932,50.51975052,63.34894614,56.38297872,61.70212766,50
vgg16_bn.tv_in1k,CNN,ImageNet 1k,73.37,49.50623701,60.92896175,54.25531915,61.70212766,42.5
vgg16.tv_in1k,CNN,ImageNet 1k,71.592,52.62474012,61.00702576,57.44680851,55.31914894,57.5
vgg19_bn.tv_in1k,CNN,ImageNet 1k,74.216,50.51975052,63.42701015,52.12765957,57.44680851,50
vgg19.tv_in1k,CNN,ImageNet 1k,72.378,50.90956341,61.74863388,47.87234043,67.0212766,50
visformer_small.in1k,Hybrid,ImageNet 1k,82.106,48.67463617,66.47150664,50,60.63829787,55
visformer_tiny.in1k,Hybrid,ImageNet 1k,78.16,50.72765073,66.78376269,55.31914894,50,57.5
vit_base_patch16_224_miil.in21k_ft_in1k,Transformer,ImageNet 21k,84.266,50.25987526,70.0234192,56.38297872,68.08510638,45
vit_base_patch16_224.augreg_in1k,Transformer,ImageNet 1k,79.154,51.2993763,70.96018735,58.5106383,55.31914894,60
vit_base_patch16_224.augreg2_in21k_ft_in1k,Transformer,ImageNet 21k,85.094,52.54677755,74.16081187,52.12765957,69.14893617,47.5
vit_base_patch16_224.orig_in21k_ft_in1k,Transformer,ImageNet 21k,81.79,50.20790021,73.26307572,53.19148936,64.89361702,55
vit_base_patch16_224.sam_in1k,Transformer,ImageNet 1k,80.238,52.13097713,66.47150664,52.12765957,64.89361702,47.5
vit_base_patch16_rpn_224.sw_in1k,Transformer,ImageNet 1k,82.202,51.01351351,69.59406714,60.63829787,60.63829787,52.5
vit_base_patch8_224.augreg_in21k_ft_in1k,Transformer,ImageNet 21k,85.798,52.1049896,76.61982826,50,63.82978723,37.5
vit_base_patch8_224.augreg2_in21k_ft_in1k,Transformer,ImageNet 21k,86.218,53.35239085,71.66276347,50,69.14893617,40
vit_srelpos_medium_patch16_224.sw_in1k,Transformer,ImageNet 1k,82.24,50.67567568,70.45277127,58.5106383,65.95744681,52.5
vit_srelpos_small_patch16_224.sw_in1k,Transformer,ImageNet 1k,81.092,50.49376299,65.49570648,57.44680851,58.5106383,42.5
vit_tiny_r_s16_p8_224.augreg_in21k_ft_in1k,Transformer,ImageNet 21k,71.798,50.28586279,66.8618267,53.19148936,60.63829787,52.5
vit_large_patch16_384.augreg_in21k_ft_in1k,Transformer,ImageNet 21k,87.084,53.24844075,79.23497268,48.93617021,74.46808511,50
vit_large_r50_s32_384.augreg_in21k_ft_in1k,Transformer,ImageNet 21k,86.182,52.39085239,78.02498048,63.82978723,69.14893617,62.5
vit_medium_patch16_gap_384.sw_in12k_ft_in1k,Transformer,ImageNet 12k,85.53,50.64968815,68.735363,56.38297872,68.08510638,47.5
vit_relpos_base_patch16_224.sw_in1k,Transformer,ImageNet 1k,82.496,51.09147609,71.58469945,51.06382979,62.76595745,50
vit_relpos_base_patch16_clsgap_224.sw_in1k,Transformer,ImageNet 1k,82.76,49.87006237,71.66276347,50,63.82978723,55
vit_relpos_medium_patch16_224.sw_in1k,Transformer,ImageNet 1k,82.462,51.24740125,66.2373146,56.38297872,59.57446809,50
vit_relpos_medium_patch16_cls_224.sw_in1k,Transformer,ImageNet 1k,82.572,51.09147609,67.09601874,60.63829787,59.57446809,42.5
vit_relpos_medium_patch16_rpn_224.sw_in1k,Transformer,ImageNet 1k,82.31,50.54573805,69.16471507,61.70212766,62.76595745,42.5
vit_relpos_small_patch16_224.sw_in1k,Transformer,ImageNet 1k,81.462,52.20893971,69.43793911,47.87234043,56.38297872,50
volo_d1_384.sail_in1k,Transformer,ImageNet 1k,85.244,53.1964657,65.96409055,46.80851064,58.5106383,52.5
volo_d2_384.sail_in1k,Transformer,ImageNet 1k,86.042,51.37733888,68.34504294,56.38297872,60.63829787,50
volo_d3_224.sail_in1k,Transformer,ImageNet 1k,85.414,53.09251559,63.54410617,65.95744681,53.19148936,50
volo_d4_224.sail_in1k,Transformer,ImageNet 1k,85.872,51.37733888,66.2373146,58.5106383,62.76595745,52.5
volo_d5_224.sail_in1k,Transformer,ImageNet 1k,86.07,53.22245322,68.46213895,57.44680851,61.70212766,57.5
volo_d1_224.sail_in1k,Transformer,ImageNet 1k,84.162,51.53326403,67.13505074,44.68085106,65.95744681,47.5
volo_d2_224.sail_in1k,Transformer,ImageNet 1k,85.202,52.54677755,66.12021858,53.19148936,60.63829787,50
xcit_medium_24_p8_224.fb_in1k,Transformer,ImageNet 1k,83.746,51.4033264,68.93052303,44.68085106,59.57446809,45
xcit_nano_12_p8_224.fb_in1k,Transformer,ImageNet 1k,73.91,49.68814969,59.52380952,47.87234043,48.93617021,50
xcit_small_12_p8_224.fb_in1k,Transformer,ImageNet 1k,83.334,53.24844075,67.68149883,54.25531915,68.08510638,50
xcit_small_24_p8_224.fb_in1k,Transformer,ImageNet 1k,83.834,51.35135135,65.41764247,56.38297872,58.5106383,50
xcit_tiny_12_p8_224.fb_in1k,Transformer,ImageNet 1k,79.688,50.98752599,66.12021858,52.12765957,68.08510638,50
xcit_tiny_24_p8_224.fb_in1k,Transformer,ImageNet 1k,81.892,50,62.17798595,56.38297872,54.25531915,50
convnext_base.fb_in22k_ft_in1k,CNN,ImageNet 21k,86.274,51.06548857,70.88212334,55.31914894,64.89361702,57.5
convnext_base.fb_in22k_ft_in1k_384,CNN,ImageNet 21k,86.796,52.05301455,69.94535519,56.38297872,70.21276596,52.5
convnext_large.fb_in22k_ft_in1k,CNN,ImageNet 21k,87.026,52.83264033,72.40437158,54.25531915,65.95744681,47.5
convnext_large.fb_in22k_ft_in1k_384,CNN,ImageNet 21k,87.472,51.87110187,69.86729118,58.5106383,62.76595745,50
convnext_small.in12k_ft_in1k_384,CNN,ImageNet 21k,86.182,51.24740125,66.93989071,55.31914894,59.57446809,55
convnextv2_base.fcmae_ft_in22k_in1k,CNN,ImageNet 21k,86.998,51.22141372,74.55113193,51.06382979,64.89361702,50
convnextv2_base.fcmae_ft_in22k_in1k_384,CNN,ImageNet 21k,87.644,50.20790021,76.11241218,53.19148936,65.95744681,50
convnextv2_large.fcmae_ft_in1k,CNN,ImageNet 1k,86.118,51.66320166,69.9843872,53.19148936,56.38297872,52.5
convnextv2_large.fcmae_ft_in22k_in1k,CNN,ImageNet 21k,87.484,51.09147609,74.51209992,52.12765957,65.95744681,52.5
convnextv2_large.fcmae_ft_in22k_in1k_384,CNN,ImageNet 21k,88.198,50.46777547,76.8930523,58.5106383,64.89361702,60
crossvit_9_240.in1k,Transformer,ImageNet 1k,73.96,50.15592516,64.83216237,48.93617021,53.19148936,50
crossvit_tiny_240.in1k,Transformer,ImageNet 1k,73.34,51.06548857,60.85089774,51.06382979,53.19148936,50
tf_mobilenetv3_large_075.in1k,CNN,ImageNet 1k,73.43,49.66216216,65.72989852,50,68.08510638,55
tf_mobilenetv3_large_minimal_100.in1k,CNN,ImageNet 1k,72.264,52.18295218,66.00312256,47.87234043,64.89361702,50
tf_mobilenetv3_small_075.in1k,CNN,ImageNet 1k,65.726,51.68918919,62.72443404,61.70212766,70.21276596,50
tf_mobilenetv3_small_100.in1k,CNN,ImageNet 1k,67.922,51.16943867,63.42701015,52.12765957,68.08510638,40
mobilevit_xs.cvnets_in1k,Transformer,ImageNet 1k,74.634,49.19438669,61.00702576,48.93617021,58.5106383,40
mobilevit_xxs.cvnets_in1k,Transformer,ImageNet 1k,68.918,50.41580042,65.49570648,58.5106383,58.5106383,50
mobilevitv2_050.cvnets_in1k,Transformer,ImageNet 1k,70.148,49.53222453,61.82669789,44.68085106,63.82978723,50
legacy_seresnet18.in1k,CNN,ImageNet 1k,71.76,51.81912682,62.68540203,52.12765957,63.82978723,50
legacy_seresnet34.in1k,CNN,ImageNet 1k,74.802,48.77858628,65.57377049,41.4893617,60.63829787,52.5
seresnextaa101d_32x8d.sw_in12k_ft_in1k,CNN,ImageNet 12k,86.484,53.27442827,71.42857143,58.5106383,58.5106383,50
seresnextaa101d_32x8d.sw_in12k_ft_in1k_288,CNN,ImageNet 12k,86.724,50.83160083,70.10148322,50,58.5106383,57.5
semnasnet_075.rmsp_in1k,CNN,ImageNet 1k,73.004,49.48024948,63.38797814,51.06382979,63.82978723,52.5
mnasnet_100.rmsp_in1k,CNN,ImageNet 1k,74.652,50.75363825,64.48087432,57.44680851,69.14893617,50
mnasnet_small.lamb_in1k,CNN,ImageNet 1k,66.196,49.87006237,59.79703357,48.93617021,64.89361702,52.5
swinv2_base_window12to16_192to256.ms_in22k_ft_in1k,Transformer,ImageNet 21k,86.268,51.32536383,72.95081967,52.12765957,64.89361702,47.5
swinv2_base_window12to24_192to384.ms_in22k_ft_in1k,Transformer,ImageNet 21k,87.096,51.22141372,74.04371585,51.06382979,70.21276596,47.5
swinv2_large_window12to16_192to256.ms_in22k_ft_in1k,Transformer,ImageNet 21k,86.952,50.75363825,77.82982045,52.12765957,67.0212766,52.5
swinv2_large_window12to24_192to384.ms_in22k_ft_in1k,Transformer,ImageNet 21k,87.464,52.52079002,80.32786885,51.06382979,70.21276596,50
swinv2_cr_small_224.sw_in1k,Transformer,ImageNet 1k,83.136,49.94802495,63.50507416,51.06382979,62.76595745,50
swinv2_cr_small_ns_224.sw_in1k,Transformer,ImageNet 1k,83.498,49.94802495,64.83216237,57.44680851,47.87234043,50
swinv2_cr_tiny_ns_224.sw_in1k,Transformer,ImageNet 1k,81.802,49.06444906,67.4863388,56.38297872,50,47.5
eva_large_patch14_196.in22k_ft_in1k,Transformer,ImageNet 21k,87.932,53.32640333,72.36533958,52.12765957,62.76595745,45
eva_large_patch14_196.in22k_ft_in22k_in1k,Transformer,ImageNet 21k,88.574,52.49480249,72.28727557,51.06382979,70.21276596,45
eva_large_patch14_336.in22k_ft_in1k,Transformer,ImageNet 21k,88.67,52.02702703,73.02888368,59.57446809,67.0212766,52.5
eva_large_patch14_336.in22k_ft_in22k_in1k,Transformer,ImageNet 21k,89.206,52.85862786,74.86338798,59.57446809,71.27659574,45
eva02_base_patch14_448.mim_in22k_ft_in1k,Transformer,ImageNet 21k,88.252,49.50623701,65.33957845,53.19148936,60.63829787,57.5
eva02_base_patch14_448.mim_in22k_ft_in22k_in1k,Transformer,ImageNet 21k,88.69,51.1954262,69.08665105,46.80851064,73.40425532,52.5
eva02_large_patch14_448.mim_in22k_ft_in1k,Transformer,ImageNet 21k,89.622,52.07900208,66.51053864,51.06382979,69.14893617,50
eva02_large_patch14_448.mim_in22k_ft_in22k_in1k,Transformer,ImageNet 21k,89.97,52.80665281,70.45277127,58.5106383,65.95744681,52.5
eva02_large_patch14_448.mim_m38m_ft_in1k,Transformer,Merged-38M,89.574,53.22245322,70.88212334,53.19148936,67.0212766,47.5
tinynet_b.in1k,CNN,ImageNet 1k,74.978,49.11642412,67.09601874,52.12765957,59.57446809,55
tinynet_c.in1k,CNN,ImageNet 1k,71.242,50.85758836,65.41764247,46.80851064,58.5106383,52.5
edgenext_xx_small.in1k,Hybrid,ImageNet 1k,71.878,50.36382536,65.0273224,51.06382979,56.38297872,47.5
ghostnet_100.in1k,CNN,ImageNet 1k,73.958,51.45530146,66.54957065,56.38297872,65.95744681,52.5
spnasnet_100.rmsp_in1k,CNN,ImageNet 1k,74.094,49.87006237,66.43247463,55.31914894,69.14893617,45
vit_large_patch14_clip_224.openai_ft_in12k_in1k,Transformer,ImageNet 12k,88.174,51.14345114,68.69633099,47.87234043,68.08510638,50
vit_large_patch14_clip_224.laion2b_ft_in12k_in1k,Transformer,ImageNet 12k,87.894,49.58419958,67.40827479,48.93617021,64.89361702,50
vit_large_patch14_clip_224.openai_ft_in1k,Transformer,ImageNet 1k,87.854,52.28690229,64.94925839,50,57.44680851,50
vit_large_patch14_clip_224.laion2b_ft_in1k,Transformer,ImageNet 1k,87.286,51.01351351,66.62763466,53.19148936,67.0212766,50
vit_base_patch16_clip_224.laion2b_ft_in12k_in1k,Transformer,ImageNet 12k,86.17,50.88357588,67.01795472,53.19148936,60.63829787,45
vit_base_patch16_clip_224.openai_ft_in12k_in1k,Transformer,ImageNet 12k,85.942,50.90956341,65.41764247,50,56.38297872,45
vit_base_patch16_clip_224.laion2b_ft_in1k,Transformer,ImageNet 1k,85.47,49.27234927,68.57923497,61.70212766,61.70212766,52.5
vit_base_patch16_clip_224.openai_ft_in1k,Transformer,ImageNet 1k,85.292,51.32536383,67.91569087,54.25531915,67.0212766,37.5
vit_base_patch32_clip_224.laion2b_ft_in12k_in1k,Transformer,ImageNet 12k,83.296,51.74116424,69.55503513,55.31914894,67.0212766,62.5
vit_base_patch32_clip_224.laion2b_ft_in1k,Transformer,ImageNet 1k,82.582,51.53326403,66.19828259,46.80851064,55.31914894,35
vit_base_patch32_clip_224.openai_ft_in1k,Transformer,ImageNet 1k,81.93,50.90956341,67.5253708,57.44680851,63.82978723,45
GPT-4-Vision,LLM,Internet,-1,-1,-1,51.818,59.45,
Claude-3-Opus,LLM,Internet,-1,-1,-1,50,60.81,
Gemini-Pro-Vision,LLM,Internet,-1,-1,-1,51.818,54.05,
depth_anything_vit_large,Transformer,Internet,-1,51.50727651,65.45667447,53.63636364,68.91891892,
midas,Transformer,Internet,-1,50.38981289,62.45120999,50,66.21621622,
dinov2_vit_large,Transformer,Internet,-1,54.05405405,64.4028103,59.09090909,66.21621622,
sam,Transformer,Internet,-1,51.61122661,65.53473849,49.09090909,66.21621622,
mae_vit_base,Transformer,ImageNet 1k,83.6,50.62370062,71.15534738,53.63636364,66.21621622,
ibot_vit_base,Transformer,ImageNet 21k,-1,51.01351351,67.05698673,54.54545455,71.62162162,
stable diffusion 2.0,Diffusion,LAION-5B,-1,50.18,56.04,50.54,61.29,
OLD_CVM_with_TPU_to_GPU_weight_issue,Transformer,CO3D,-1,53.32493,67.23821432,,,