model_name,model_type,training_data,imagenet_accuracy,perspective_accuracy,depth_accuracy,perspective_accuracy_human,depth_accuracy_human
resnet18.a3_in1k,CNN,ImageNet 1k,68.252,49.63617464,59.52380952,47.87234043,68.08510638
resnet152.a3_in1k,CNN,ImageNet 1k,80.546,50.23388773,63.97345824,53.19148936,63.82978723
resnet101.a3_in1k,CNN,ImageNet 1k,79.814,50.98752599,64.79313037,54.25531915,64.89361702
resnet50.a3_in1k,CNN,ImageNet 1k,78.048,50.77962578,69.3598751,51.06382979,60.63829787
resnet34.a3_in1k,CNN,ImageNet 1k,72.97,49.87006237,61.47540984,52.12765957,59.57446809
vit_tiny_patch16_224.augreg_in21k_ft_in1k,Transformer,ImageNet21k,75.462,52.46881497,59.9921936,54.25531915,62.76595745
vit_small_patch16_224.augreg_in1k,Transformer,ImageNet 1k,78.848,51.27338877,67.5253708,59.57446809,60.63829787
vit_small_patch16_224.augreg_in21k_ft_in1k,Transformer,ImageNet21k,81.386,49.61018711,73.06791569,52.12765957,65.95744681
vit_base_patch16_224.augreg_in21k_ft_in1k,Transformer,ImageNet21k,84.532,50.98752599,74.82435597,57.44680851,71.27659574
vit_large_patch16_224.augreg_in21k_ft_in1k,Transformer,ImageNet21k,85.836,52.15696466,76.93208431,48.93617021,71.27659574
beit_base_patch16_224.in22k_ft_in22k_in1k,Transformer,ImageNet21k,85.212,53.09251559,70.17954723,48.93617021,68.08510638
beitv2_base_patch16_224.in1k_ft_in1k,Transformer,ImageNet 1k,85.594,51.61122661,68.57923497,59.57446809,57.44680851
beitv2_base_patch16_224.in1k_ft_in22k_in1k,Transformer,ImageNet 1k,86.474,53.09251559,67.60343482,54.25531915,70.21276596
beit_base_patch16_384.in22k_ft_in22k_in1k,Transformer,ImageNet21k,86.8,51.01351351,72.17017955,52.12765957,69.14893617
beit_large_patch16_224.in22k_ft_in22k_in1k,Transformer,ImageNet21k,87.478,52.28690229,74.66822795,52.12765957,64.89361702
beit_large_patch16_384.in22k_ft_in22k_in1k,Transformer,ImageNet21k,88.402,53.74220374,77.04918033,56.38297872,76.59574468
beit_large_patch16_512.in22k_ft_in22k_in1k,Transformer,ImageNet21k,88.596,53.84615385,79.07884465,56.38297872,74.46808511
beitv2_large_patch16_224.in1k_ft_in1k,Transformer,ImageNet 1k,87.412,51.06548857,69.90632319,58.5106383,63.82978723
beitv2_large_patch16_224.in1k_ft_in22k_in1k,Transformer,ImageNet 1k,88.394,51.81912682,75.40983607,52.12765957,76.59574468
caformer_m36.sail_in1k,MetaFormer,ImageNet 1k,85.232,51.22141372,64.75409836,51.06382979,55.31914894
caformer_m36.sail_in22k_ft_in1k,MetaFormer,ImageNet21k,86.594,50.33783784,72.20921155,46.80851064,64.89361702
caformer_s18.sail_in1k,MetaFormer,ImageNet 1k,83.654,49.8960499,68.69633099,53.19148936,56.38297872
caformer_s18.sail_in22k_ft_in1k,MetaFormer,ImageNet21k,84.074,51.24740125,69.78922717,56.38297872,63.82978723
caformer_s36.sail_in1k,MetaFormer,ImageNet 1k,84.506,50.51975052,61.39734582,53.19148936,43.61702128
caformer_s36.sail_in22k_ft_in1k,MetaFormer,ImageNet21k,85.79,51.79313929,71.50663544,58.5106383,70.21276596
cait_s24_224.fb_dist_in1k,Transformer,ImageNet 1k,83.442,52.23492723,69.3989071,62.76595745,61.70212766
cait_xxs24_224.fb_dist_in1k,Transformer,ImageNet 1k,78.384,50.18191268,66.35441062,56.38297872,56.38297872
cait_xxs36_224.fb_dist_in1k,Transformer,ImageNet 1k,79.746,49.8960499,64.4028103,52.12765957,55.31914894
coat_lite_medium.in1k,Hybrid,ImageNet 1k,83.6,51.50727651,68.57923497,56.38297872,62.76595745
coat_lite_mini.in1k,Hybrid,ImageNet 1k,79.102,49.87006237,63.1147541,60.63829787,53.19148936
coat_lite_small.in1k,Hybrid,ImageNet 1k,82.312,50.49376299,62.72443404,53.19148936,57.44680851
coat_lite_tiny.in1k,Hybrid,ImageNet 1k,77.52,50.18191268,63.66120219,55.31914894,55.31914894
coat_mini.in1k,Hybrid,ImageNet 1k,81.27,51.53326403,62.13895394,58.5106383,52.12765957
coat_small.in1k,Hybrid,ImageNet 1k,82.362,51.68918919,67.33021077,60.63829787,61.70212766
coat_tiny.in1k,Hybrid,ImageNet 1k,78.426,51.71517672,60.34348165,55.31914894,56.38297872
coatnet_0_rw_224.sw_in1k,Hybrid,ImageNet 1k,82.39,51.1954262,65.22248244,52.12765957,58.5106383
coatnet_1_rw_224.sw_in1k,Hybrid,ImageNet 1k,83.596,50.44178794,68.07181889,51.06382979,55.31914894
coatnet_bn_0_rw_224.sw_in1k,Hybrid,ImageNet 1k,82.4,50.5977131,65.80796253,55.31914894,59.57446809
coatnet_nano_rw_224.sw_in1k,Hybrid,ImageNet 1k,81.696,50.18191268,65.30054645,62.76595745,62.76595745
coatnet_rmlp_1_rw_224.sw_in1k,Hybrid,ImageNet 1k,83.362,51.11746362,63.30991413,59.57446809,59.57446809
coatnet_rmlp_1_rw2_224.sw_in12k_ft_in1k,Hybrid,ImageNet 12k,84.91,51.97505198,69.16471507,58.5106383,59.57446809
coatnet_rmlp_2_rw_224.sw_in1k,Hybrid,ImageNet 1k,84.608,50.64968815,66.08118657,42.55319149,61.70212766
coatnet_rmlp_nano_rw_224.sw_in1k,Hybrid,ImageNet 1k,82.05,51.58523909,63.03669009,54.25531915,53.19148936
convit_base.fb_in1k,Transformer,ImageNet 1k,82.29,52.28690229,72.17017955,59.57446809,54.25531915
convit_small.fb_in1k,Transformer,ImageNet 1k,81.42,51.2993763,71.35050742,59.57446809,54.25531915
convit_tiny.fb_in1k,Transformer,ImageNet 1k,73.112,50.25987526,64.16861827,47.87234043,54.25531915
convmixer_1024_20_ks9_p14.in1k,CNN,ImageNet 1k,76.936,50.46777547,64.71506635,43.61702128,62.76595745
convmixer_1536_20.in1k,CNN,ImageNet 1k,81.362,50.28586279,69.3598751,58.5106383,62.76595745
convmixer_768_32.in1k,CNN,ImageNet 1k,80.168,51.32536383,67.56440281,54.25531915,54.25531915
davit_base.msft_in1k,Transformer,ImageNet 1k,84.642,52.46881497,70.33567525,58.5106383,64.89361702
davit_small.msft_in1k,Transformer,ImageNet 1k,84.252,50.49376299,71.97501952,58.5106383,63.82978723
davit_tiny.msft_in1k,Transformer,ImageNet 1k,82.696,48.85654886,69.59406714,50,64.89361702
deit_base_distilled_patch16_224.fb_in1k,Transformer,ImageNet 1k,83.39,51.92307692,71.07728337,61.70212766,70.21276596
deit_base_patch16_224.fb_in1k,Transformer,ImageNet 1k,81.992,50.12993763,68.30601093,57.44680851,64.89361702
deit_small_distilled_patch16_224.fb_in1k,Transformer,ImageNet 1k,81.216,51.45530146,68.38407494,60.63829787,67.0212766
deit_small_patch16_224.fb_in1k,Transformer,ImageNet 1k,79.848,51.48128898,65.69086651,52.12765957,62.76595745
deit_tiny_distilled_patch16_224.fb_in1k,Transformer,ImageNet 1k,74.504,51.48128898,65.88602654,53.19148936,67.0212766
deit_tiny_patch16_224.fb_in1k,Transformer,ImageNet 1k,72.17,50.98752599,67.05698673,47.87234043,58.5106383
deit3_base_patch16_224.fb_in1k,Transformer,ImageNet 1k,83.786,50.44178794,68.34504294,53.19148936,56.38297872
deit3_base_patch16_224.fb_in22k_ft_in1k,Transformer,ImageNet 21k,85.7,52.41683992,69.71116315,59.57446809,57.44680851
deit3_medium_patch16_224.fb_in1k,Transformer,ImageNet 1k,83.086,51.42931393,71.62373146,58.5106383,63.82978723
deit3_medium_patch16_224.fb_in22k_ft_in1k,Transformer,ImageNet 21k,84.55,51.03950104,69.3598751,51.06382979,57.44680851
deit3_small_patch16_224.fb_in1k,Transformer,ImageNet 1k,81.37,51.06548857,61.74863388,53.19148936,59.57446809
deit3_small_patch16_224.fb_in22k_ft_in1k,Transformer,ImageNet 21k,83.076,51.55925156,62.17798595,56.38297872,52.12765957
densenet121.tv_in1k,CNN,ImageNet 1k,74.764,51.79313929,64.28571429,47.87234043,64.89361702
densenet161.tv_in1k,CNN,ImageNet 1k,77.358,51.45530146,65.06635441,55.31914894,60.63829787
densenet169.tv_in1k,CNN,ImageNet 1k,75.9,51.48128898,62.529274,54.25531915,59.57446809
densenet201.tv_in1k,CNN,ImageNet 1k,77.286,51.27338877,68.89149102,54.25531915,69.14893617
dla102.in1k,CNN,ImageNet 1k,78.024,50.90956341,65.30054645,57.44680851,64.89361702
dla169.in1k,CNN,ImageNet 1k,78.708,50.31185031,67.40827479,47.87234043,48.93617021
dla34.in1k,CNN,ImageNet 1k,74.64,50.57172557,63.7782982,52.12765957,65.95744681
dla46_c.in1k,CNN,ImageNet 1k,64.872,50.7016632,60.22638564,46.80851064,63.82978723
dla60.in1k,CNN,ImageNet 1k,77.046,51.50727651,67.09601874,50,59.57446809
dpn107.mx_in1k,CNN,ImageNet 1k,80.17,51.37733888,63.38797814,58.5106383,56.38297872
dpn131.mx_in1k,CNN,ImageNet 1k,79.814,51.50727651,60.92896175,51.06382979,57.44680851
dpn68.mx_in1k,CNN,ImageNet 1k,76.346,51.61122661,58.97736144,54.25531915,59.57446809
dpn68b.mx_in1k,CNN,ImageNet 1k,77.518,49.87006237,66.00312256,54.25531915,59.57446809
dpn92.mx_in1k,CNN,ImageNet 1k,80.038,50.51975052,61.74863388,56.38297872,57.44680851
dpn98.mx_in1k,CNN,ImageNet 1k,79.67,50.12993763,63.30991413,53.19148936,62.76595745
efficientformer_l1.snap_dist_in1k,Transformer,ImageNet 1k,80.498,49.63617464,69.04761905,56.38297872,65.95744681
efficientformer_l3.snap_dist_in1k,Transformer,ImageNet 1k,82.548,50.31185031,68.96955504,47.87234043,59.57446809
efficientformer_l7.snap_dist_in1k,Transformer,ImageNet 1k,83.382,50.57172557,65.96409055,56.38297872,63.82978723
efficientformerv2_l.snap_dist_in1k,Transformer,ImageNet 1k,83.632,50.41580042,68.735363,51.06382979,59.57446809
efficientformerv2_s0.snap_dist_in1k,Transformer,ImageNet 1k,76.114,51.79313929,65.57377049,52.12765957,55.31914894
efficientformerv2_s1.snap_dist_in1k,Transformer,ImageNet 1k,79.692,49.68814969,65.84699454,52.12765957,58.5106383
efficientformerv2_s2.snap_dist_in1k,Transformer,ImageNet 1k,82.166,51.68918919,65.26151444,56.38297872,50
efficientnet_b0.ra_in1k,CNN,ImageNet 1k,77.694,50.33783784,69.20374707,48.93617021,64.89361702
efficientnet_es_pruned.in1k,CNN,ImageNet 1k,75.006,51.50727651,65.18345043,50,61.70212766
efficientnet_es.ra_in1k,CNN,ImageNet 1k,78.058,50.62370062,65.45667447,57.44680851,58.5106383
efficientnet_lite0.ra_in1k,CNN,ImageNet 1k,75.482,51.76715177,64.79313037,50,69.14893617
focalnet_base_srf.ms_in1k,Transformer,ImageNet 1k,83.82,51.50727651,68.61826698,60.63829787,55.31914894
focalnet_small_srf.ms_in1k,Transformer,ImageNet 1k,83.416,51.58523909,67.05698673,57.44680851,53.19148936
focalnet_tiny_srf.ms_in1k,Transformer,ImageNet 1k,82.138,50.67567568,65.84699454,56.38297872,55.31914894
focalnet_base_lrf.ms_in1k,Transformer,ImageNet 1k,83.838,50.67567568,68.774395,48.93617021,58.5106383
focalnet_small_lrf.ms_in1k,Transformer,ImageNet 1k,83.494,50.80561331,66.39344262,59.57446809,57.44680851
focalnet_tiny_lrf.ms_in1k,Transformer,ImageNet 1k,82.154,51.2993763,68.42310695,46.80851064,58.5106383
hrnet_w18_small_v2.ms_in1k,CNN,ImageNet 1k,75.11,50.38981289,68.81342701,52.12765957,67.0212766
hrnet_w18_small.ms_in1k,CNN,ImageNet 1k,72.336,51.24740125,62.33411397,44.68085106,69.14893617
hrnet_w18.ms_in1k,CNN,ImageNet 1k,76.752,50.80561331,67.72053084,51.06382979,61.70212766
hrnet_w30.ms_in1k,CNN,ImageNet 1k,78.196,48.77858628,65.92505855,56.38297872,69.14893617
hrnet_w32.ms_in1k,CNN,ImageNet 1k,78.442,51.53326403,69.43793911,46.80851064,65.95744681
hrnet_w40.ms_in1k,CNN,ImageNet 1k,78.932,50.85758836,63.50507416,47.87234043,59.57446809
hrnet_w44.ms_in1k,CNN,ImageNet 1k,78.894,50.5977131,65.57377049,61.70212766,57.44680851
hrnet_w48.ms_in1k,CNN,ImageNet 1k,79.306,49.48024948,66.08118657,52.12765957,60.63829787
lcnet_050.ra2_in1k,CNN,ImageNet 1k,63.138,50.64968815,58.78220141,56.38297872,69.14893617
lcnet_075.ra2_in1k,CNN,ImageNet 1k,68.782,50.62370062,60.49960968,50,67.0212766
lcnet_100.ra2_in1k,CNN,ImageNet 1k,72.102,51.42931393,63.19281811,57.44680851,71.27659574
levit_128.fb_dist_in1k,Transformer,ImageNet 1k,78.49,49.22037422,64.75409836,53.19148936,52.12765957
levit_128s.fb_dist_in1k,Transformer,ImageNet 1k,76.526,49.16839917,64.67603435,46.80851064,59.57446809
levit_192.fb_dist_in1k,Transformer,ImageNet 1k,79.838,50.44178794,68.65729899,55.31914894,57.44680851
levit_256.fb_dist_in1k,Transformer,ImageNet 1k,81.524,50.54573805,64.79313037,53.19148936,57.44680851
levit_384.fb_dist_in1k,Transformer,ImageNet 1k,82.596,49.76611227,70.68696331,53.19148936,59.57446809
maxvit_rmlp_base_rw_224.sw_in12k_ft_in1k,Transformer,ImageNet 12k,86.894,51.66320166,70.37470726,55.31914894,56.38297872
maxxvitv2_rmlp_base_rw_384.sw_in12k_ft_in1k,Transformer,ImageNet 12k,87.464,50.85758836,76.97111632,61.70212766,68.08510638
maxvit_rmlp_small_rw_224.sw_in1k,Transformer,ImageNet 1k,84.492,50.90956341,68.1108509,50,63.82978723
maxvit_small_tf_224.in1k,Transformer,ImageNet 1k,84.426,50.75363825,72.4824356,53.19148936,61.70212766
maxvit_tiny_rw_224.sw_in1k,Transformer,ImageNet 1k,83.504,50.49376299,64.94925839,52.12765957,53.19148936
maxvit_tiny_tf_224.in1k,Transformer,ImageNet 1k,83.402,50.33783784,65.10538642,51.06382979,60.63829787
mixnet_l.ft_in1k,CNN,ImageNet 1k,78.966,51.09147609,69.04761905,50,60.63829787
mixnet_m.ft_in1k,CNN,ImageNet 1k,77.26,50.36382536,70.96018735,56.38297872,72.34042553
mixnet_s.ft_in1k,CNN,ImageNet 1k,75.994,50.15592516,66.47150664,46.80851064,69.14893617
mixnet_xl.ra_in1k,CNN,ImageNet 1k,80.482,51.87110187,67.09601874,61.70212766,64.89361702
mobilenetv2_050.lamb_in1k,CNN,ImageNet 1k,65.948,51.03950104,59.05542545,54.25531915,60.63829787
mobilenetv2_100.ra_in1k,CNN,ImageNet 1k,72.968,49.81808732,61.00702576,54.25531915,63.82978723
mobilenetv2_110d.ra_in1k,CNN,ImageNet 1k,75.054,50.12993763,66.19828259,46.80851064,63.82978723
mobilenetv2_120d.ra_in1k,CNN,ImageNet 1k,77.308,51.55925156,60.0312256,45.74468085,51.06382979
mobilenetv2_140.ra_in1k,CNN,ImageNet 1k,76.516,50.7016632,61.00702576,47.87234043,65.95744681
mobilenetv3_large_100.miil_in21k_ft_in1k,CNN,ImageNet 21k,77.92,49.66216216,64.94925839,40.42553191,67.0212766
mobilenetv3_large_100.ra_in1k,CNN,ImageNet 1k,75.766,49.97401247,64.44184231,47.87234043,62.76595745
mobilenetv3_rw.rmsp_in1k,CNN,ImageNet 1k,75.62,50,70.06245121,55.31914894,68.08510638
mobilenetv3_small_075.lamb_in1k,CNN,ImageNet 1k,65.236,51.24740125,64.63700234,47.87234043,69.14893617
mobilenetv3_small_100.lamb_in1k,CNN,ImageNet 1k,67.658,50.15592516,58.43091335,39.36170213,65.95744681
mvitv2_base.fb_in1k,Transformer,ImageNet 1k,84.45,52.46881497,71.97501952,48.93617021,65.95744681
mvitv2_small.fb_in1k,Transformer,ImageNet 1k,83.77,49.68814969,71.74082748,51.06382979,58.5106383
mvitv2_tiny.fb_in1k,Transformer,ImageNet 1k,82.41,50.67567568,70.41373927,61.70212766,60.63829787
pit_b_224.in1k,Transformer,ImageNet 1k,82.438,52.65072765,72.63856362,54.25531915,70.21276596
pit_b_distilled_224.in1k,Transformer,ImageNet 1k,83.766,51.09147609,70.06245121,47.87234043,62.76595745
pit_s_224.in1k,Transformer,ImageNet 1k,81.086,51.74116424,68.22794692,51.06382979,63.82978723
pit_s_distilled_224.in1k,Transformer,ImageNet 1k,81.814,51.24740125,68.38407494,58.5106383,61.70212766
pit_ti_224.in1k,Transformer,ImageNet 1k,72.91,50.20790021,67.13505074,57.44680851,56.38297872
pit_ti_distilled_224.in1k,Transformer,ImageNet 1k,74.256,50.51975052,65.76893052,52.12765957,63.82978723
pit_xs_224.in1k,Transformer,ImageNet 1k,78.176,50.98752599,68.85245902,53.19148936,63.82978723
pit_xs_distilled_224.in1k,Transformer,ImageNet 1k,79.18,50.5977131,69.47697112,62.76595745,64.89361702
poolformer_m36.sail_in1k,MetaFormer,ImageNet 1k,82.102,51.35135135,65.92505855,56.38297872,58.5106383
poolformer_s12.sail_in1k,MetaFormer,ImageNet 1k,77.24,49.97401247,62.41217799,55.31914894,58.5106383
poolformer_s24.sail_in1k,MetaFormer,ImageNet 1k,80.294,48.49272349,69.43793911,51.06382979,60.63829787
poolformer_s36.sail_in1k,MetaFormer,ImageNet 1k,81.43,51.58523909,64.12958626,60.63829787,55.31914894
poolformerv2_m36.sail_in1k,MetaFormer,ImageNet 1k,82.216,50,65.14441842,52.12765957,53.19148936
poolformerv2_s12.sail_in1k,MetaFormer,ImageNet 1k,78.002,50.98752599,64.3637783,56.38297872,50
poolformerv2_s24.sail_in1k,MetaFormer,ImageNet 1k,80.748,52.1049896,64.9882904,53.19148936,56.38297872
poolformerv2_s36.sail_in1k,MetaFormer,ImageNet 1k,81.566,51.03950104,67.29117877,53.19148936,63.82978723
pvt_v2_b0.in1k,Transformer,ImageNet 1k,70.66,51.48128898,65.0273224,54.25531915,57.44680851
pvt_v2_b1.in1k,Transformer,ImageNet 1k,78.704,51.1954262,63.93442623,55.31914894,56.38297872
pvt_v2_b2_li.in1k,Transformer,ImageNet 1k,82.194,50.05197505,66.58860265,54.25531915,59.57446809
pvt_v2_b2.in1k,Transformer,ImageNet 1k,82.084,49.45426195,65.14441842,55.31914894,53.19148936
pvt_v2_b3.in1k,Transformer,ImageNet 1k,83.118,51.16943867,63.7782982,60.63829787,61.70212766
pvt_v2_b4.in1k,Transformer,ImageNet 1k,83.712,50.96153846,62.13895394,48.93617021,54.25531915
pvt_v2_b5.in1k,Transformer,ImageNet 1k,83.74,50.1039501,66.8618267,56.38297872,53.19148936
regnetx_004_tv.tv2_in1k,CNN,ImageNet 1k,74.6,49.61018711,65.41764247,46.80851064,60.63829787
regnetx_008.tv2_in1k,CNN,ImageNet 1k,77.306,50.7016632,65.84699454,52.12765957,64.89361702
regnetx_016.tv2_in1k,CNN,ImageNet 1k,79.436,50.57172557,65.41764247,53.19148936,55.31914894
regnety_004.tv2_in1k,CNN,ImageNet 1k,75.594,51.11746362,69.47697112,55.31914894,61.70212766
regnety_008_tv.tv2_in1k,CNN,ImageNet 1k,78.666,49.22037422,67.40827479,56.38297872,60.63829787
regnety_016.tv2_in1k,CNN,ImageNet 1k,80.666,50.02598753,66.00312256,60.63829787,56.38297872
repvgg_b0.rvgg_in1k,CNN,ImageNet 1k,75.144,50.72765073,67.64246682,47.87234043,62.76595745
repvgg_b1.rvgg_in1k,CNN,ImageNet 1k,78.368,51.97505198,61.9047619,57.44680851,60.63829787
repvgg_b1g4.rvgg_in1k,CNN,ImageNet 1k,77.588,52.5987526,66.93989071,52.12765957,74.46808511
repvgg_b2.rvgg_in1k,CNN,ImageNet 1k,78.792,51.03950104,68.85245902,55.31914894,62.76595745
repvgg_b2g4.rvgg_in1k,CNN,ImageNet 1k,79.382,51.53326403,66.54957065,45.74468085,61.70212766
repvgg_b3g4.rvgg_in1k,CNN,ImageNet 1k,80.216,51.94906445,67.05698673,55.31914894,65.95744681
res2net50_14w_8s.in1k,CNN,ImageNet 1k,78.158,50.41580042,65.26151444,52.12765957,58.5106383
res2net50_26w_4s.in1k,CNN,ImageNet 1k,77.95,51.06548857,62.529274,53.19148936,58.5106383
res2net50_26w_6s.in1k,CNN,ImageNet 1k,78.568,49.48024948,64.44184231,53.19148936,62.76595745
res2net50_26w_8s.in1k,CNN,ImageNet 1k,78.942,51.2993763,61.8657299,55.31914894,55.31914894
res2net50_48w_2s.in1k,CNN,ImageNet 1k,77.514,50.49376299,65.45667447,57.44680851,54.25531915
resnest50d_1s4x24d.in1k,CNN,ImageNet 1k,80.988,51.09147609,72.79469165,62.76595745,65.95744681
resnest50d_4s2x40d.in1k,CNN,ImageNet 1k,81.12,49.79209979,71.50663544,52.12765957,61.70212766
resnest50d.in1k,CNN,ImageNet 1k,80.96,50.85758836,72.36533958,54.25531915,69.14893617
resnet10t.c3_in1k,CNN,ImageNet 1k,68.364,50.12993763,59.25058548,45.74468085,62.76595745
resnet14t.c3_in1k,CNN,ImageNet 1k,72.254,51.53326403,66.62763466,60.63829787,63.82978723
resnet18.fb_ssl_yfcc100m_ft_in1k,CNN,YFCC100M,72.598,51.1954262,64.87119438,55.31914894,68.08510638
resnet18.fb_swsl_ig1b_ft_in1k,CNN,Instagram-1B hashtags,73.288,51.71517672,66.74473068,47.87234043,61.70212766
resnet18.tv_in1k,CNN,ImageNet 1k,69.76,49.76611227,64.20765027,48.93617021,58.5106383
resnet50.a1h_in1k,CNN,ImageNet 1k,80.678,51.14345114,64.87119438,51.06382979,60.63829787
resnet50.am_in1k,CNN,ImageNet 1k,79.002,49.61018711,63.97345824,43.61702128,62.76595745
resnet50.tv_in1k,CNN,ImageNet 1k,76.128,49.58419958,64.01249024,54.25531915,58.5106383
resnet50d.a3_in1k,CNN,ImageNet 1k,78.72,50.38981289,67.44730679,57.44680851,67.0212766
resnetrs50.tf_in1k,CNN,ImageNet 1k,79.894,50.25987526,68.50117096,58.5106383,61.70212766
resnet18.gluon_in1k,CNN,ImageNet 1k,70.834,51.32536383,59.60187354,51.06382979,65.95744681
resnet34.gluon_in1k,CNN,ImageNet 1k,74.58,49.42827443,63.42701015,55.31914894,61.70212766
rexnet_100.nav_in1k,CNN,ImageNet 1k,77.856,49.32432432,66.82279469,55.31914894,63.82978723
rexnet_130.nav_in1k,CNN,ImageNet 1k,79.506,50.31185031,68.46213895,50,69.14893617
rexnet_150.nav_in1k,CNN,ImageNet 1k,80.324,50.05197505,65.30054645,43.61702128,60.63829787
rexnet_200.nav_in1k,CNN,ImageNet 1k,81.636,52.18295218,73.69242779,52.12765957,65.95744681
rexnet_300.nav_in1k,CNN,ImageNet 1k,82.774,51.84511435,72.24824356,54.25531915,64.89361702
skresnet18.ra_in1k,CNN,ImageNet 1k,73.034,50.38981289,61.74863388,54.25531915,61.70212766
skresnet34.ra_in1k,CNN,ImageNet 1k,76.91,51.37733888,65.14441842,51.06382979,61.70212766
swin_base_patch4_window7_224.ms_in1k,Transformer,ImageNet 1k,83.606,51.32536383,67.99375488,56.38297872,53.19148936
swin_base_patch4_window7_224.ms_in22k_ft_in1k,Transformer,ImageNet 21k,85.272,50.72765073,75.05854801,45.74468085,63.82978723
swin_s3_base_224.ms_in1k,Transformer,ImageNet 1k,83.92,51.84511435,70.29664325,62.76595745,64.89361702
swin_s3_small_224.ms_in1k,Transformer,ImageNet 1k,83.756,51.27338877,64.12958626,55.31914894,57.44680851
swin_s3_tiny_224.ms_in1k,Transformer,ImageNet 1k,82.144,49.22037422,66.62763466,53.19148936,58.5106383
swin_small_patch4_window7_224.ms_in1k,Transformer,ImageNet 1k,83.208,50.7016632,68.07181889,54.25531915,59.57446809
swin_small_patch4_window7_224.ms_in22k_ft_in1k,Transformer,ImageNet 21k,83.298,51.09147609,69.71116315,51.06382979,64.89361702
swin_tiny_patch4_window7_224.ms_in1k,Transformer,ImageNet 1k,81.376,51.1954262,65.88602654,58.5106383,58.5106383
swin_tiny_patch4_window7_224.ms_in22k_ft_in1k,Transformer,ImageNet 21k,80.968,51.53326403,69.3989071,54.25531915,55.31914894
tresnet_l.miil_in1k,CNN,ImageNet 1k,81.48,50.57172557,65.22248244,47.87234043,59.57446809
tresnet_m.miil_in1k,CNN,ImageNet 1k,80.798,52.05301455,65.6518345,53.19148936,68.08510638
tresnet_m.miil_in21k_ft_in1k,CNN,ImageNet 21k,83.07,50.62370062,68.22794692,54.25531915,60.63829787
tresnet_v2_l.miil_in21k_ft_in1k,CNN,ImageNet 21k,83.894,52.49480249,68.50117096,54.25531915,65.95744681
tresnet_xl.miil_in1k,CNN,ImageNet 1k,82.074,53.06652807,69.71116315,56.38297872,63.82978723
twins_pcpvt_base.in1k,Transformer,ImageNet 1k,82.714,49.81808732,63.97345824,53.19148936,57.44680851
twins_pcpvt_large.in1k,Transformer,ImageNet 1k,83.13,50.83160083,66.2763466,52.12765957,57.44680851
twins_pcpvt_small.in1k,Transformer,ImageNet 1k,81.092,50.5977131,65.45667447,59.57446809,50
twins_svt_base.in1k,Transformer,ImageNet 1k,83.12,50.23388773,64.9882904,60.63829787,59.57446809
twins_svt_small.in1k,Transformer,ImageNet 1k,81.676,50.77962578,65.84699454,58.5106383,56.38297872
vgg11_bn.tv_in1k,CNN,ImageNet 1k,70.382,50.54573805,59.64090554,50,65.95744681
vgg11.tv_in1k,CNN,ImageNet 1k,69.022,51.24740125,58.86026542,47.87234043,55.31914894
vgg13_bn.tv_in1k,CNN,ImageNet 1k,71.588,50.07796258,60.73380172,52.12765957,67.0212766
vgg13.tv_in1k,CNN,ImageNet 1k,69.932,50.28586279,62.06088993,51.06382979,59.57446809
vgg16_bn.tv_in1k,CNN,ImageNet 1k,73.37,49.35031185,62.37314598,51.06382979,61.70212766
vgg16.tv_in1k,CNN,ImageNet 1k,71.592,51.76715177,61.8657299,53.19148936,54.25531915
vgg19_bn.tv_in1k,CNN,ImageNet 1k,74.216,49.92203742,62.17798595,51.06382979,54.25531915
vgg19.tv_in1k,CNN,ImageNet 1k,72.378,49.50623701,62.91959407,51.06382979,67.0212766
visformer_small.in1k,Hybrid,ImageNet 1k,82.106,50,67.5253708,56.38297872,58.5106383
visformer_tiny.in1k,Hybrid,ImageNet 1k,78.16,51.09147609,67.5253708,57.44680851,51.06382979
vit_base_patch16_224_miil.in21k_ft_in1k,Transformer,ImageNet 21k,84.266,51.01351351,69.16471507,55.31914894,71.27659574
vit_base_patch16_224.augreg_in1k,Transformer,ImageNet 1k,79.154,50.38981289,71.58469945,55.31914894,56.38297872
vit_base_patch16_224.augreg2_in21k_ft_in1k,Transformer,ImageNet 21k,85.094,52.05301455,73.45823575,51.06382979,63.82978723
vit_base_patch16_224.orig_in21k_ft_in1k,Transformer,ImageNet 21k,81.79,50.46777547,73.30210773,48.93617021,63.82978723
vit_base_patch16_224.sam_in1k,Transformer,ImageNet 1k,80.238,51.55925156,67.09601874,53.19148936,65.95744681
vit_base_patch16_rpn_224.sw_in1k,Transformer,ImageNet 1k,82.202,51.03950104,69.71116315,53.19148936,61.70212766
vit_base_patch8_224.augreg_in21k_ft_in1k,Transformer,ImageNet 21k,85.798,51.03950104,77.16627635,48.93617021,65.95744681
vit_base_patch8_224.augreg2_in21k_ft_in1k,Transformer,ImageNet 21k,86.218,52.07900208,71.19437939,54.25531915,70.21276596
vit_srelpos_medium_patch16_224.sw_in1k,Transformer,ImageNet 1k,82.24,50.57172557,71.19437939,55.31914894,63.82978723
vit_srelpos_small_patch16_224.sw_in1k,Transformer,ImageNet 1k,81.092,51.37733888,65.80796253,57.44680851,60.63829787
vit_tiny_r_s16_p8_224.augreg_in21k_ft_in1k,Transformer,ImageNet 21k,71.798,51.06548857,67.36924278,56.38297872,63.82978723
vit_large_patch16_384.augreg_in21k_ft_in1k,Transformer,ImageNet 21k,87.084,51.74116424,78.68852459,53.19148936,75.53191489
vit_large_r50_s32_384.augreg_in21k_ft_in1k,Transformer,ImageNet 21k,86.182,52.98856549,76.81498829,59.57446809,69.14893617
vit_medium_patch16_gap_384.sw_in12k_ft_in1k,Transformer,ImageNet 12k,85.53,50.67567568,67.36924278,58.5106383,64.89361702
vit_relpos_base_patch16_224.sw_in1k,Transformer,ImageNet 1k,82.496,51.45530146,71.42857143,52.12765957,57.44680851
vit_relpos_base_patch16_clsgap_224.sw_in1k,Transformer,ImageNet 1k,82.76,50.7016632,71.46760343,55.31914894,61.70212766
vit_relpos_medium_patch16_224.sw_in1k,Transformer,ImageNet 1k,82.462,51.76715177,67.33021077,52.12765957,61.70212766
vit_relpos_medium_patch16_cls_224.sw_in1k,Transformer,ImageNet 1k,82.572,51.53326403,66.74473068,55.31914894,62.76595745
vit_relpos_medium_patch16_rpn_224.sw_in1k,Transformer,ImageNet 1k,82.31,51.76715177,69.59406714,59.57446809,60.63829787
vit_relpos_small_patch16_224.sw_in1k,Transformer,ImageNet 1k,81.462,52.62474012,69.67213115,48.93617021,56.38297872
volo_d1_384.sail_in1k,Transformer,ImageNet 1k,85.244,52.23492723,66.54957065,52.12765957,58.5106383
volo_d2_384.sail_in1k,Transformer,ImageNet 1k,86.042,51.97505198,67.21311475,55.31914894,63.82978723
volo_d3_224.sail_in1k,Transformer,ImageNet 1k,85.414,52.0010395,64.44184231,63.82978723,53.19148936
volo_d4_224.sail_in1k,Transformer,ImageNet 1k,85.872,52.57276507,67.21311475,59.57446809,59.57446809
volo_d5_224.sail_in1k,Transformer,ImageNet 1k,86.07,53.3004158,67.5253708,59.57446809,58.5106383
volo_d1_224.sail_in1k,Transformer,ImageNet 1k,84.162,51.2993763,67.40827479,43.61702128,57.44680851
volo_d2_224.sail_in1k,Transformer,ImageNet 1k,85.202,51.14345114,65.41764247,53.19148936,60.63829787
xcit_medium_24_p8_224.fb_in1k,Transformer,ImageNet 1k,83.746,52.07900208,70.14051522,46.80851064,63.82978723
xcit_nano_12_p8_224.fb_in1k,Transformer,ImageNet 1k,73.91,49.8960499,58.58704137,46.80851064,44.68085106
xcit_small_12_p8_224.fb_in1k,Transformer,ImageNet 1k,83.334,52.67671518,67.44730679,57.44680851,64.89361702
xcit_small_24_p8_224.fb_in1k,Transformer,ImageNet 1k,83.834,51.45530146,65.30054645,52.12765957,59.57446809
xcit_tiny_12_p8_224.fb_in1k,Transformer,ImageNet 1k,79.688,50.77962578,63.93442623,53.19148936,65.95744681
xcit_tiny_24_p8_224.fb_in1k,Transformer,ImageNet 1k,81.892,50.72765073,60.46057767,58.5106383,54.25531915
convnext_base.fb_in22k_ft_in1k,CNN,ImageNet 21k,86.274,50.7016632,69.78922717,53.19148936,67.0212766
convnext_base.fb_in22k_ft_in1k_384,CNN,ImageNet 21k,86.796,51.50727651,69.43793911,51.06382979,69.14893617
convnext_large.fb_in22k_ft_in1k,CNN,ImageNet 21k,87.026,52.83264033,72.71662763,53.19148936,62.76595745
convnext_large.fb_in22k_ft_in1k_384,CNN,ImageNet 21k,87.472,52.1049896,69.28181109,57.44680851,65.95744681
convnext_small.in12k_ft_in1k_384,CNN,ImageNet 21k,86.182,50.51975052,69.3989071,55.31914894,63.82978723
convnextv2_base.fcmae_ft_in22k_in1k,CNN,ImageNet 21k,86.998,50.62370062,73.57533177,50,70.21276596
convnextv2_base.fcmae_ft_in22k_in1k_384,CNN,ImageNet 21k,87.644,51.09147609,75.95628415,50,67.0212766
convnextv2_large.fcmae_ft_in1k,CNN,ImageNet 1k,86.118,51.22141372,70.0234192,50,57.44680851
convnextv2_large.fcmae_ft_in22k_in1k,CNN,ImageNet 21k,87.484,51.06548857,74.31693989,52.12765957,68.08510638
convnextv2_large.fcmae_ft_in22k_in1k_384,CNN,ImageNet 21k,88.198,50.54573805,76.50273224,52.12765957,64.89361702
crossvit_9_240.in1k,Transformer,ImageNet 1k,73.96,50.33783784,65.41764247,56.38297872,53.19148936
crossvit_tiny_240.in1k,Transformer,ImageNet 1k,73.34,50.28586279,58.7431694,51.06382979,44.68085106
tf_mobilenetv3_large_075.in1k,CNN,ImageNet 1k,73.43,50.75363825,65.92505855,56.38297872,69.14893617
tf_mobilenetv3_large_minimal_100.in1k,CNN,ImageNet 1k,72.264,50.44178794,64.51990632,45.74468085,67.0212766
tf_mobilenetv3_small_075.in1k,CNN,ImageNet 1k,65.726,51.55925156,63.07572209,52.12765957,71.27659574
tf_mobilenetv3_small_100.in1k,CNN,ImageNet 1k,67.922,51.61122661,63.1147541,51.06382979,70.21276596
mobilevit_xs.cvnets_in1k,Transformer,ImageNet 1k,74.634,49.06444906,60.69476971,48.93617021,59.57446809
mobilevit_xxs.cvnets_in1k,Transformer,ImageNet 1k,68.918,50.25987526,64.05152225,55.31914894,58.5106383
mobilevitv2_050.cvnets_in1k,Transformer,ImageNet 1k,70.148,49.8960499,62.17798595,46.80851064,64.89361702
legacy_seresnet18.in1k,CNN,ImageNet 1k,71.76,50.98752599,63.27088212,52.12765957,65.95744681
legacy_seresnet34.in1k,CNN,ImageNet 1k,74.802,49.53222453,66.00312256,47.87234043,62.76595745
seresnextaa101d_32x8d.sw_in12k_ft_in1k,CNN,ImageNet 12k,86.484,52.46881497,71.8969555,54.25531915,60.63829787
seresnextaa101d_32x8d.sw_in12k_ft_in1k_288,CNN,ImageNet 12k,86.724,50.83160083,69.08665105,51.06382979,58.5106383
semnasnet_075.rmsp_in1k,CNN,ImageNet 1k,73.004,50.67567568,63.1537861,54.25531915,63.82978723
mnasnet_100.rmsp_in1k,CNN,ImageNet 1k,74.652,50.41580042,64.9882904,47.87234043,72.34042553
mnasnet_small.lamb_in1k,CNN,ImageNet 1k,66.196,50.64968815,59.91412959,53.19148936,67.0212766
swinv2_base_window12to16_192to256.ms_in22k_ft_in1k,Transformer,ImageNet 21k,86.268,51.68918919,73.1459797,52.12765957,64.89361702
swinv2_base_window12to24_192to384.ms_in22k_ft_in1k,Transformer,ImageNet 21k,87.096,50.93555094,74.19984387,54.25531915,69.14893617
swinv2_large_window12to16_192to256.ms_in22k_ft_in1k,Transformer,ImageNet 21k,86.952,49.84407484,77.43950039,57.44680851,70.21276596
swinv2_large_window12to24_192to384.ms_in22k_ft_in1k,Transformer,ImageNet 21k,87.464,52.1049896,79.46916472,53.19148936,70.21276596
swinv2_cr_small_224.sw_in1k,Transformer,ImageNet 1k,83.136,49.84407484,64.01249024,54.25531915,53.19148936
swinv2_cr_small_ns_224.sw_in1k,Transformer,ImageNet 1k,83.498,50.46777547,64.09055425,52.12765957,50
swinv2_cr_tiny_ns_224.sw_in1k,Transformer,ImageNet 1k,81.802,48.98648649,67.13505074,52.12765957,48.93617021
eva_large_patch14_196.in22k_ft_in1k,Transformer,ImageNet 21k,87.932,54.02806653,71.2334114,54.25531915,61.70212766
eva_large_patch14_196.in22k_ft_in22k_in1k,Transformer,ImageNet 21k,88.574,52.98856549,73.41920375,46.80851064,69.14893617
eva_large_patch14_336.in22k_ft_in1k,Transformer,ImageNet 21k,88.67,52.67671518,72.09211553,58.5106383,69.14893617
eva_large_patch14_336.in22k_ft_in22k_in1k,Transformer,ImageNet 21k,89.206,52.36486486,75.91725215,59.57446809,78.72340426
eva02_base_patch14_448.mim_in22k_ft_in1k,Transformer,ImageNet 21k,88.252,50.05197505,64.28571429,53.19148936,60.63829787
eva02_base_patch14_448.mim_in22k_ft_in22k_in1k,Transformer,ImageNet 21k,88.69,50.67567568,69.08665105,48.93617021,71.27659574
eva02_large_patch14_448.mim_in22k_ft_in1k,Transformer,ImageNet 21k,89.622,50.80561331,65.6128025,54.25531915,69.14893617
eva02_large_patch14_448.mim_in22k_ft_in22k_in1k,Transformer,ImageNet 21k,89.97,52.28690229,70.72599532,62.76595745,70.21276596
eva02_large_patch14_448.mim_m38m_ft_in1k,Transformer,Merged-38M,89.574,53.43035343,69.94535519,48.93617021,65.95744681
tinynet_b.in1k,CNN,ImageNet 1k,74.978,50.5977131,67.13505074,55.31914894,62.76595745
tinynet_c.in1k,CNN,ImageNet 1k,71.242,51.2993763,64.59797034,48.93617021,58.5106383
edgenext_xx_small.in1k,Hybrid,ImageNet 1k,71.878,49.42827443,63.70023419,50,59.57446809
ghostnet_100.in1k,CNN,ImageNet 1k,73.958,52.02702703,64.9882904,57.44680851,67.0212766
spnasnet_100.rmsp_in1k,CNN,ImageNet 1k,74.094,50.25987526,68.42310695,51.06382979,69.14893617
vit_large_patch14_clip_224.openai_ft_in12k_in1k,Transformer,ImageNet 12k,88.174,51.03950104,68.26697892,51.06382979,69.14893617
vit_large_patch14_clip_224.laion2b_ft_in12k_in1k,Transformer,ImageNet 12k,87.894,50.12993763,69.55503513,48.93617021,65.95744681
vit_large_patch14_clip_224.openai_ft_in1k,Transformer,ImageNet 1k,87.854,51.58523909,64.51990632,46.80851064,59.57446809
vit_large_patch14_clip_224.laion2b_ft_in1k,Transformer,ImageNet 1k,87.286,51.76715177,65.53473849,58.5106383,64.89361702
vit_base_patch16_clip_224.laion2b_ft_in12k_in1k,Transformer,ImageNet 12k,86.17,51.03950104,67.4863388,54.25531915,67.0212766
vit_base_patch16_clip_224.openai_ft_in12k_in1k,Transformer,ImageNet 12k,85.942,50.98752599,66.08118657,50,59.57446809
vit_base_patch16_clip_224.laion2b_ft_in1k,Transformer,ImageNet 1k,85.47,50.07796258,67.83762685,59.57446809,63.82978723
vit_base_patch16_clip_224.openai_ft_in1k,Transformer,ImageNet 1k,85.292,50.64968815,67.5253708,58.5106383,63.82978723
vit_base_patch32_clip_224.laion2b_ft_in12k_in1k,Transformer,ImageNet 12k,83.296,51.81912682,69.75019516,54.25531915,63.82978723
vit_base_patch32_clip_224.laion2b_ft_in1k,Transformer,ImageNet 1k,82.582,51.68918919,64.9882904,51.06382979,55.31914894
vit_base_patch32_clip_224.openai_ft_in1k,Transformer,ImageNet 1k,81.93,52.33887734,68.30601093,54.25531915,62.76595745
GPT-4-Vision,LLM,Internet,-1,-1,-1,51.818,59.45
Claude-3-Opus,LLM,Internet,-1,-1,-1,50,60.81
Gemini-Pro-Vision,LLM,Internet,-1,-1,-1,51.818,54.05
depth_anything_vit_large,Transformer,Internet,-1,51.50727651,65.45667447,53.63636364,68.91891892
midas,Transformer,Internet,-1,50.38981289,62.45120999,50,66.21621622
dinov2_vit_large,Transformer,Internet,-1,54.05405405,64.4028103,59.09090909,66.21621622
sam,Transformer,Internet,-1,51.61122661,65.53473849,49.09090909,66.21621622
mae_vit_base,Transformer,ImageNet 1k,83.6,50.62370062,71.15534738,53.63636364,66.21621622
ibot_vit_base,Transformer,ImageNet 21k,-1,51.01351351,67.05698673,54.54545455,71.62162162
stable diffusion 2.0,Diffusion,LAION-5B,-1,50.18,56.04,50.54,61.29
OLD_CVM_with_TPU_to_GPU_weight_issue,Transformer,CO3D,-1,53.32493,67.23821432,,